,Name,Label,1,2,3,4,5,6,7,8,9,10,11,12,13,14,15,16,17,18,19,20,21,22,23,24,25,26,27,28,29,30,31,32,33,34,35,36,37,38,39,40,41,42,43,44,45,46,47,48,49,50
0,milenkosKitchenNotNearDevices1_0,5,166.6015711837901,0.6284346649191856,0.4596696769253933,0.3351341508992805,0.3605126721105905,0.4944813990507136,0.3183222591247313,0.4125420147672267,0.37280516309006917,0.44424010651932255,0.383489513943593,0.2545291542247608,0.34160820936021363,0.5220887528018705,0.36668824517194526,0.24225535710579527,0.4556710294808684,0.3525563654757117,0.22997601411223012,0.4683147492267924,0.2882927469783341,0.2918105866601675,0.3821105602567805,0.4015032748229049,0.33547106799786086,0.2753586002237745,0.3693498872300376,0.24875719863027437,0.23831848938560704,0.41544461213826894,0.4281430006986243,0.2830405272332481,0.33755943561631147,0.2982784537210424,0.2687169776899824,0.31806333366143985,0.371224684845842,0.30891741025943964,0.27580490376366545,0.2966920999098367,0.3708166746411118,0.3004302337398741,0.29441198020370307,0.28537003111397125,0.37762030062709706,0.26862866271389124,0.3882399440995148,0.27438064986298716,0.3032138434914932,0.29902850820955373
1,milenkosKitchenNotNearDevices1_1,5,165.96901818862742,0.28516003859284106,0.3668001443499838,0.3686351103866729,0.33314172422908817,0.47037430899601607,0.2882486070993041,0.3074214785152809,0.2571869324614757,0.39653801477236883,0.36017592643369806,0.24815221064979232,0.33722263008665054,0.31186877216939496,0.25933858407377636,0.20820223233575513,0.4797532011148188,0.38436689103383437,0.3020453347875622,0.29740388512149896,0.21098843869919037,0.36251830270885527,0.3310117086689575,0.33069156777701114,0.3136055177803813,0.3235209979748583,0.37084397849935835,0.289691152193213,0.3138300490110597,0.4105609153809102,0.4097325227933128,0.2580196184918515,0.23294424343178,0.27335844317958996,0.24281529678023053,0.31466154339284697,0.2978538610603578,0.32795524347500365,0.33313862666702765,0.2519078700556791,0.3342818876467646,0.35966129722801704,0.23697560758552264,0.3737981600838413,0.2651897088531278,0.2956560715986228,0.3545954378945729,0.25646803410359736,0.27846547777317127,0.23455718409298978
2,milenkosKitchenNotNearDevices1_2,5,165.93093186826545,0.2664881609786516,0.3960102365330915,0.3913613454873412,0.4072568144719362,0.4169203733592029,0.32644249663221875,0.29465290370405683,0.24790214974852376,0.44410698566519574,0.4420960765880433,0.354425662540705,0.3142788324510307,0.27686256302601414,0.2660951907842783,0.29566180115054025,0.38254864424703877,0.39636450688318653,0.36192228069848764,0.30652479557253887,0.20147876361339315,0.3003181618473184,0.39140575733016003,0.24844967217644034,0.3296879671992177,0.35333171825230003,0.29454414742539176,0.3312893878393776,0.31015958446850483,0.4154353824700846,0.28718034960700467,0.31811018016158776,0.23952807164674755,0.3168582223938422,0.41023588911235476,0.2722536339657216,0.2756805104415375,0.2784790970970379,0.25048323484233914,0.2640616462774758,0.33656017318907044,0.35700140581272527,0.2403135979379755,0.31949054729353066,0.3322591451831806,0.3220562675625491,0.2559308506821744,0.2650522914870662,0.25995608471951315,0.2770155751022296
3,milenkosKitchenNotNearDevices1_3,5,165.77019207334763,0.2435676653143609,0.31633793394430454,0.30779155123261787,0.2910541305358014,0.40340236443415856,0.2898524049881885,0.3226400019170001,0.2640016627437865,0.4280140305855375,0.32865727082582263,0.3083025358446452,0.28975161814648676,0.30876552954593683,0.2916386004494826,0.30356669062275066,0.4407362699783782,0.2850875000645373,0.30412582804041227,0.3554778192950302,0.21422616211406803,0.32320104358576146,0.4441583386056913,0.25070351398835733,0.309186847811497,0.3039453906643552,0.35069601514058013,0.304318015862715,0.2750804632816112,0.5401952623288717,0.29310396375292525,0.31704485089897216,0.3096065505957418,0.3543200460239446,0.4029709724966229,0.30950067526727487,0.2585536261049745,0.27015879523088765,0.290752755811838,0.24890000003280557,0.3103581809632061,0.2824964321647639,0.2571017082217144,0.3416233942876053,0.2891273404238733,0.38507338562187043,0.3204897172064872,0.2289681537496927,0.311707319801478,0.31742013246240447
4,milenkosKitchenNotNearDevices1_4,5,165.78611964843037,0.2542660819223075,0.28405347824531435,0.3867583854647134,0.2465941018700446,0.3333128990171009,0.36887533861392574,0.29170877696888664,0.2745034980984374,0.5469726805049688,0.36811408629620596,0.2527669923752299,0.2800589413152489,0.3539177431722504,0.2678253686261583,0.2696530510948296,0.36367024936140924,0.29279980822200935,0.298119434156929,0.33015283092066505,0.19714739925345784,0.32425862101384717,0.3118249010442764,0.28168192312311535,0.341268140954824,0.30399529501914535,0.25599406217460785,0.30472387028881065,0.3096104030023092,0.5179378214392314,0.2141050915454265,0.3061160788924426,0.33269050983078086,0.3353561741033048,0.31268081060903236,0.2602907578825885,0.30726886232882694,0.3305912133778278,0.29356551829781624,0.3176910452413164,0.2879449658774052,0.3055227411699322,0.23949672754961615,0.33175881724038925,0.33900589086637534,0.3744994009104186,0.332250634056497,0.2797866781512658,0.33597342229216803,0.29137682741963716
5,milenkosKitchenNotNearDevices1_5,5,165.83374644338517,0.35208660994519303,0.34022919013912,0.30386523240290336,0.3340136107867413,0.33042356629935216,0.35393257897680985,0.23635318999485871,0.2777114308602663,0.5817054647351678,0.35412246827288396,0.31570833268066967,0.38986861072544354,0.3599822206587228,0.28849719253808387,0.2847338431191265,0.4295385153119872,0.3077159211882093,0.2584741121026431,0.34314350726217463,0.24751842337129581,0.44103639198504785,0.34164374500801586,0.27793489829996426,0.35364460016429405,0.36970979718420527,0.25803198373138725,0.37486306479811404,0.29721644689471516,0.46577638724033626,0.41369874785562133,0.35522848341429913,0.26845293194192377,0.33587724355295806,0.276879372199866,0.3051907802200375,0.345640804429227,0.2717352242667312,0.309914951586999,0.37882718566914964,0.26774830631411933,0.23719700946314445,0.30683182502003087,0.385952684364448,0.28274023378943425,0.4421610751918637,0.29858501558449646,0.23303092961372315,0.31653344849663023,0.30537753129734413
6,milenkosKitchenNotNearDevices1_6,5,165.95465812338034,0.35880938526271033,0.2888617011421277,0.3439154218284097,0.4266950532770306,0.39669054481794885,0.31131611045557833,0.261516623071434,0.27293340596790727,0.5226345003927015,0.347406821451998,0.4299130077836911,0.3707877653181842,0.34054456005068245,0.3951493619847361,0.317025467766883,0.4334522924312151,0.28476496395588086,0.3112990299590456,0.4841680041099573,0.25268822742299724,0.43755207908596006,0.41592024343748013,0.31668350576767523,0.31666128232275353,0.36197022633312237,0.3114495470581562,0.37888571947307803,0.33811225944042494,0.40224803754289046,0.4251029131830478,0.3928803335129367,0.34140140476820735,0.2812057198926003,0.3055653826103039,0.3525803428403488,0.30533267475142245,0.33979485321351427,0.2992453887261219,0.4266385379263061,0.2988230038806348,0.2377624936825328,0.45651283459536507,0.3252347986990084,0.41515858127780947,0.44331656335363523,0.24408491678755465,0.25370089402784757,0.3995969992297384,0.33661453350864323
7,milenkosKitchenNotNearDevices1_7,5,165.90772472334137,0.39882963161325485,0.326349200936855,0.40845516461248726,0.48638641342203137,0.32316875864459,0.2836902897751143,0.2604410235558149,0.27704665686270047,0.5715883912013083,0.35318041785914944,0.34500921997608147,0.3306392451869639,0.36468698380904424,0.33426408054305146,0.3081110335167352,0.4072411560105584,0.3030106646315184,0.26671023891902496,0.4517206346694054,0.2583405542294778,0.4191381632213085,0.39146315174486906,0.26390085064388336,0.3395014783426105,0.24639251677010063,0.37788259003198976,0.26389615027609237,0.28435277777300205,0.3499877923068643,0.480776738679811,0.3676871666635759,0.3553992809998919,0.27885891776312066,0.4160227849886919,0.43371170548590376,0.2539376181526617,0.41106786007293844,0.2421976714245802,0.40897727558028363,0.30175565979805147,0.23113642519530142,0.4488163684077052,0.2801273357735016,0.44719994657447043,0.3348518475150808,0.2384093715997198,0.2606679539760237,0.35408843447356886,0.29669772882328915
8,milenkosKitchenNotNearDevices1_8,5,165.46108997645328,0.40598004221176487,0.3725825089104577,0.3591661996073823,0.4466478492400362,0.36294873664655214,0.40319336858243837,0.34306474344126037,0.34087315009340474,0.6897145412383827,0.3887707874083799,0.3534593760820789,0.2803944790703575,0.38039708222805696,0.24854419745493758,0.3868982234481554,0.28203968016179964,0.39497751656330776,0.3351604848150835,0.43649511671759067,0.35816334772390146,0.3644517697129474,0.2882889655983758,0.3532446336495857,0.3232036559433473,0.34165667199985705,0.33187831538013646,0.3304711938933997,0.2760395126828972,0.4009530330347265,0.44096023149276287,0.3078967403779662,0.2905651836444525,0.47880763138094673,0.4110024498181507,0.4238270583193683,0.3061082958689772,0.3535012859589922,0.2186178326217547,0.33169251110194364,0.28319096376126135,0.30957080619224675,0.27740199897150186,0.2809722253142887,0.31997497941310504,0.3143508880973544,0.2689443954563822,0.24514318724627104,0.28241343440029226,0.3540390126770562
9,milenkosKitchenNotNearDevices1_9,5,165.6976280074703,0.31654864897638,0.346813166164743,0.32306407581328433,0.38645566633758627,0.3761176590303251,0.42972438170564853,0.2828890099561056,0.47073503182717913,0.5771253912897618,0.38266587523993006,0.3599125199742873,0.31736436830609627,0.38533236295341494,0.2813047260688735,0.3703874169947444,0.3806483554237811,0.34714513692236887,0.42472445674098286,0.5436468287014269,0.4258539578810987,0.32869088859890516,0.3248829303506573,0.4267798400293643,0.22493575516485698,0.384793145675449,0.3115409085531192,0.3275764206072089,0.2739221626476129,0.3508592191755719,0.40899852051550933,0.3255767322887696,0.3538043517514707,0.3971459552172717,0.3271569609261038,0.2898860424607022,0.3781268548195124,0.3160871426851238,0.2182111585511848,0.31923426520537723,0.3542943289701457,0.283369533722874,0.24686910820695543,0.48878166091394293,0.33552576471767703,0.3307481420833871,0.2483377372898536,0.3302619888549428,0.3552967270203641,0.30323064682106254
10,milenkosRoomNearDevices1_0,5,190.6521159436024,0.40686324955354286,0.31023540518889964,0.32180532747590784,0.3595820996128697,0.3286156458536303,0.23480527706421012,0.2968726473955796,0.2321240783409905,0.39284607121303966,0.35727475611691717,0.42788663506959546,0.4127548964222579,0.34825298105574953,0.3041231005202995,0.23629305142743906,0.37136322391889603,0.32492659112875566,0.3067031252131652,0.36921473249019565,0.35434751119716645,0.24028569651882292,0.2905763252437473,0.27885418228493897,0.2940661232201198,0.35724861328266183,0.3378853033578318,0.3224658145593702,0.25846839608201944,0.46798224749705064,0.37693519695856503,0.35626504820144583,0.3078248898361558,0.31539652715258526,0.35372614712826395,0.2249167313331783,0.37336611493999927,0.33558406831511095,0.29194314487425926,0.29482559886544507,0.2557560076421835,0.3026698495677402,0.4279327840951506,0.319365612283017,0.3062292169291907,0.326046780569898,0.2839413916579514,0.29652222673784023,0.29327046102739524,0.2791981296669715
11,milenkosRoomNearDevices1_1,5,192.21140461563368,1.445330343166387,0.9398332228236727,1.1375991269313,0.6951710585988073,0.5828979734708354,0.3968222122619752,0.4707101477842407,0.5469323613268078,0.5001661285222037,0.42127667618200565,0.46141021449246383,0.512044673741748,0.47667839382146615,0.3862662492539037,0.5682323055026729,0.3964641811260992,0.5446594012516537,0.47220606052715375,0.46173703911289654,0.4313703852122357,0.3575878908455349,0.3409240072232785,0.36874345116890317,0.28852011124023397,0.5145045081904823,0.41725473502769006,0.4033443998067511,0.42034756061188283,0.43398781785035395,0.39711506164230215,0.3986125122093106,0.3954094506083674,0.3813448720159678,0.34967088396264745,0.35752460296869815,0.4049266367244882,0.3018151302405168,0.38043648361447047,0.39708661599631817,0.307625147035825,0.4093192265727667,0.49150041432554137,0.40230558145167794,0.5144517664878182,0.4600700442846043,0.4325893624610901,0.29898263396467745,0.2760064124611913,0.3581427186694276
12,milenkosRoomNearDevices1_2,5,192.27871045044137,1.45604479019464,1.0302031053103218,1.1178627726480703,0.7368049352231507,0.6128174718431931,0.4116659688014537,0.5068581995655705,0.5660890915131899,0.5208257006737664,0.3661371018413038,0.47038628450497566,0.46340467423163717,0.5612855270431377,0.39767581849875716,0.5850190021985971,0.4142810728214446,0.5698446811183503,0.3772862788593996,0.4570065487794033,0.4929627820681282,0.4468655298588382,0.3689477241586888,0.44682988582593913,0.383389519410388,0.5449969850842118,0.5008489038829385,0.37498195406811713,0.43794962254779596,0.40919187040627664,0.46298951418918843,0.36635044268146966,0.3577950036496247,0.41326649681272465,0.36340071857002065,0.35733246615748004,0.30950793945319577,0.3489850321816766,0.46561967867634524,0.40597160527880366,0.3358715005542886,0.39225609870803296,0.4382232417100912,0.39299558707669324,0.5482399081894191,0.45930685467162014,0.3557676712148786,0.34359138764664,0.33634762366398524,0.4429599728874855
13,milenkosRoomNearDevices1_3,5,190.73767355574054,0.39101800120081903,0.3796356365537261,0.32955679275150795,0.40576635352793594,0.3616961854943256,0.32869590418291716,0.34736252494202535,0.2525107924650792,0.46011559462178964,0.3109666355583957,0.3754715126866767,0.34998567349066495,0.31196173203550553,0.3651744006837035,0.2523327990040887,0.3380942313172644,0.32588336574604787,0.2786318336485044,0.3415093070438101,0.3930554125374268,0.38303028211396944,0.38365975902376076,0.29688487149323006,0.3912507604750829,0.5144222651453375,0.3244124524764617,0.2528227037242408,0.3188651595087937,0.32330889942512836,0.42457848285414324,0.35831610246655565,0.29425786580013824,0.3410170288041238,0.33430051562186663,0.2810417059206758,0.26578517383047734,0.2586068118952456,0.26986132968455045,0.2599119147159568,0.29864960706135496,0.2748999541349392,0.34068500213614933,0.3591131397767783,0.29999226076030133,0.4222158320041616,0.3057255334441812,0.3239712782979964,0.2943901547589893,0.3206682896458572
14,milenkosRoomNearDevices1_4,5,190.42281718483312,0.36590741568880536,0.41608604787025355,0.3147913844279872,0.39934575597137834,0.4140014801813524,0.3484004032417152,0.4862213000894283,0.2756556565666144,0.5450237028530032,0.4073793198276334,0.42510592805289504,0.39890372927496787,0.32099357072371304,0.40820561413666,0.31969306508822015,0.40775714196051144,0.2628486326524618,0.3279311645265677,0.27693626903005597,0.31314771590899804,0.27645345918954456,0.4345928984701076,0.34740694631574404,0.3530407334624686,0.3688484389898043,0.30211423906538665,0.2927072625378371,0.332829403496664,0.4201234961676482,0.3450723444995104,0.2879540765600651,0.29987560866488067,0.33959659864724334,0.3432409165312823,0.2284331109121385,0.28928458375351435,0.22740606551199935,0.25233762376997954,0.2940210483955313,0.2626432698882853,0.2547474571305336,0.2747764047570736,0.3680849802062564,0.2841646176916832,0.3682891981508689,0.2349857447269425,0.2580092111401507,0.29276118355891495,0.3140444820868796
15,milenkosRoomNearDevices1_5,5,190.71926530754456,0.29930517994606354,0.5192733554658064,0.34418427745898506,0.4255222650691214,0.3953501570403425,0.3698508841502443,0.48393894840476526,0.21152216385972347,0.45597277458710167,0.46305060773899753,0.3984580946228723,0.3966468675661238,0.5145853550924604,0.5432691490216282,0.4482740087108382,0.41361487764518184,0.7813098810812207,0.34563216344577,0.3860298188942674,0.3623202969956615,0.2733016324789501,0.4041570167523655,0.3056637849932698,0.34893740343603374,0.41563490460550667,0.4172738948819093,0.30794852693521807,0.24986436556634545,0.37249786484601155,0.36723037285222093,0.50724707316524,0.37841467456623806,0.469079909109552,0.6661213083646428,0.47022146178334767,0.2777022491015381,0.25061869000315795,0.27877343932384707,0.2868796559024318,0.40992742922736053,0.3341998504641162,0.3474436575566897,0.3793064343854941,0.3080133601906894,0.31166974333725317,0.3133655433774752,0.4121694703805294,0.46602677437274875,0.48866639980386967
16,milenkosRoomNearDevices1_6,5,190.71162247610349,0.24137018757779324,0.35467377982049675,0.34726589350704945,0.29566583832706517,0.1901457435592905,0.25721754613365494,0.3075446827899747,0.22041864956139673,0.3271404129167579,0.31107283003835323,0.3288161810419544,0.2747711340868299,0.42432380513735485,0.45502808384213844,0.3963751294274291,0.3856914964892007,0.7870707753935802,0.34574921944757975,0.4031553555460497,0.2991185207838788,0.32505132577543216,0.37062019275759944,0.28146389397860666,0.37398028450361753,0.2806335514172745,0.3809408412776884,0.2727280360529338,0.23064051350813508,0.41367574714202476,0.32062855949761004,0.49740821773703403,0.33560501965907574,0.4279289707232136,0.5790305336727335,0.4850320546402473,0.32202688681300895,0.24840978228605262,0.32005063662804617,0.2417471873434211,0.34103296701391966,0.3032775168809792,0.38019197641184943,0.31314264125773583,0.27483059447341973,0.30942938938204095,0.3538218711476681,0.38270629935388895,0.4727360917827624,0.47565370899531906
17,milenkosRoomNearDevices1_7,5,190.3084831181246,0.2815314168314761,0.27470247174765794,0.31693197268733436,0.33925120687651145,0.2274581899306113,0.2787084097259772,0.2938142550353644,0.2611841136287304,0.38769484015983235,0.23919254837745552,0.26056231764232257,0.20173727849798379,0.2450556587338047,0.22164730963269402,0.2783430120158692,0.267844877667765,0.19707315367836883,0.2865678772920423,0.298850838787172,0.25055689689301375,0.330798405752997,0.3898761973469799,0.31909864536611793,0.4047495388643249,0.28801118485935345,0.3291166638622428,0.23367566807660373,0.20635001042779516,0.4225184628694675,0.3015329257894143,0.36757147930598116,0.18766202970710436,0.2410737937431087,0.41277622990030927,0.2943868126119275,0.2538133218504502,0.26580650689696655,0.3285904961910397,0.271714817025152,0.2476776510593699,0.23679435050774078,0.2869916107253969,0.20493513102592936,0.2777160179251615,0.2663650566898381,0.34454941920793697,0.30766855810332955,0.43285990323251744,0.3036988101553302
18,milenkosRoomNearDevices1_8,5,190.27832650071986,0.3385279463512168,0.24617908811179667,0.29223987853065864,0.44998522343531533,0.27193112254317187,0.29984935059458506,0.33741820969961467,0.29781588332699516,0.4206561608430918,0.2741321267384178,0.19928149116445462,0.2850766024145942,0.20580341129336105,0.2307304143515959,0.3547448397864187,0.27140368734072257,0.23530330874163133,0.26692618664260115,0.31042203651764216,0.2631940472014745,0.2459231961285095,0.3662917391408191,0.3097701251911812,0.3344702057505326,0.3569653011451292,0.3510178667247662,0.2592081455116758,0.2501150989278875,0.39483243020680514,0.41551507905724006,0.34070195745019655,0.32684491733348525,0.2840859606704778,0.44414532639415805,0.25885032226549,0.26157005025369007,0.36345424109592905,0.292840571318509,0.28747713479820874,0.274452539898283,0.31617046198280563,0.30560704519603554,0.31709727885689815,0.2972162216503562,0.20509109648504006,0.24969167793338587,0.3099075497756835,0.4211263229114308,0.3265567822265286
19,milenkosRoomNearDevices1_9,5,190.33077480995595,0.3139717383376013,0.26904029393145806,0.27178569184570894,0.40007503516164755,0.246694008185379,0.28731776792585484,0.35343761428413994,0.27055876818377494,0.4553192072970341,0.3478028347138011,0.2789400725851132,0.31939008516922357,0.30895821509401683,0.35944606768978427,0.32025583219321535,0.36884087122713727,0.27777900190295923,0.359190734966097,0.43207387096183947,0.22198279786786512,0.30522750997812176,0.3783639704818473,0.18241293469206926,0.32658254787648766,0.37765631735824384,0.34553229976891053,0.2717320832743046,0.32418823099339295,0.43552466563024816,0.3677297469757776,0.29224942126746484,0.3096700628742905,0.38787517723428244,0.3192299035037628,0.28163036596732266,0.2928991162158098,0.27925248301134814,0.27647566134553525,0.35385858100244466,0.31573471086460136,0.2903267092340086,0.27456329153525266,0.266787416726973,0.24957022517796495,0.24785925977481543,0.2262905892614946,0.2781993459240361,0.28168039717371074,0.2754395908731607
20,milenkosRoomNearDevices_0,5,190.6521159436024,0.40686324955354286,0.31023540518889964,0.32180532747590784,0.3595820996128697,0.3286156458536303,0.23480527706421012,0.2968726473955796,0.2321240783409905,0.39284607121303966,0.35727475611691717,0.42788663506959546,0.4127548964222579,0.34825298105574953,0.3041231005202995,0.23629305142743906,0.37136322391889603,0.32492659112875566,0.3067031252131652,0.36921473249019565,0.35434751119716645,0.24028569651882292,0.2905763252437473,0.27885418228493897,0.2940661232201198,0.35724861328266183,0.3378853033578318,0.3224658145593702,0.25846839608201944,0.46798224749705064,0.37693519695856503,0.35626504820144583,0.3078248898361558,0.31539652715258526,0.35372614712826395,0.2249167313331783,0.37336611493999927,0.33558406831511095,0.29194314487425926,0.29482559886544507,0.2557560076421835,0.3026698495677402,0.4279327840951506,0.319365612283017,0.3062292169291907,0.326046780569898,0.2839413916579514,0.29652222673784023,0.29327046102739524,0.2791981296669715
21,milenkosRoomNearDevices_1,5,192.21140461563368,1.445330343166387,0.9398332228236727,1.1375991269313,0.6951710585988073,0.5828979734708354,0.3968222122619752,0.4707101477842407,0.5469323613268078,0.5001661285222037,0.42127667618200565,0.46141021449246383,0.512044673741748,0.47667839382146615,0.3862662492539037,0.5682323055026729,0.3964641811260992,0.5446594012516537,0.47220606052715375,0.46173703911289654,0.4313703852122357,0.3575878908455349,0.3409240072232785,0.36874345116890317,0.28852011124023397,0.5145045081904823,0.41725473502769006,0.4033443998067511,0.42034756061188283,0.43398781785035395,0.39711506164230215,0.3986125122093106,0.3954094506083674,0.3813448720159678,0.34967088396264745,0.35752460296869815,0.4049266367244882,0.3018151302405168,0.38043648361447047,0.39708661599631817,0.307625147035825,0.4093192265727667,0.49150041432554137,0.40230558145167794,0.5144517664878182,0.4600700442846043,0.4325893624610901,0.29898263396467745,0.2760064124611913,0.3581427186694276
22,milenkosRoomNearDevices_2,5,192.27871045044137,1.45604479019464,1.0302031053103218,1.1178627726480703,0.7368049352231507,0.6128174718431931,0.4116659688014537,0.5068581995655705,0.5660890915131899,0.5208257006737664,0.3661371018413038,0.47038628450497566,0.46340467423163717,0.5612855270431377,0.39767581849875716,0.5850190021985971,0.4142810728214446,0.5698446811183503,0.3772862788593996,0.4570065487794033,0.4929627820681282,0.4468655298588382,0.3689477241586888,0.44682988582593913,0.383389519410388,0.5449969850842118,0.5008489038829385,0.37498195406811713,0.43794962254779596,0.40919187040627664,0.46298951418918843,0.36635044268146966,0.3577950036496247,0.41326649681272465,0.36340071857002065,0.35733246615748004,0.30950793945319577,0.3489850321816766,0.46561967867634524,0.40597160527880366,0.3358715005542886,0.39225609870803296,0.4382232417100912,0.39299558707669324,0.5482399081894191,0.45930685467162014,0.3557676712148786,0.34359138764664,0.33634762366398524,0.4429599728874855
23,milenkosRoomNearDevices_3,5,190.73767355574054,0.39101800120081903,0.3796356365537261,0.32955679275150795,0.40576635352793594,0.3616961854943256,0.32869590418291716,0.34736252494202535,0.2525107924650792,0.46011559462178964,0.3109666355583957,0.3754715126866767,0.34998567349066495,0.31196173203550553,0.3651744006837035,0.2523327990040887,0.3380942313172644,0.32588336574604787,0.2786318336485044,0.3415093070438101,0.3930554125374268,0.38303028211396944,0.38365975902376076,0.29688487149323006,0.3912507604750829,0.5144222651453375,0.3244124524764617,0.2528227037242408,0.3188651595087937,0.32330889942512836,0.42457848285414324,0.35831610246655565,0.29425786580013824,0.3410170288041238,0.33430051562186663,0.2810417059206758,0.26578517383047734,0.2586068118952456,0.26986132968455045,0.2599119147159568,0.29864960706135496,0.2748999541349392,0.34068500213614933,0.3591131397767783,0.29999226076030133,0.4222158320041616,0.3057255334441812,0.3239712782979964,0.2943901547589893,0.3206682896458572
24,milenkosRoomNearDevices_4,5,190.42281718483312,0.36590741568880536,0.41608604787025355,0.3147913844279872,0.39934575597137834,0.4140014801813524,0.3484004032417152,0.4862213000894283,0.2756556565666144,0.5450237028530032,0.4073793198276334,0.42510592805289504,0.39890372927496787,0.32099357072371304,0.40820561413666,0.31969306508822015,0.40775714196051144,0.2628486326524618,0.3279311645265677,0.27693626903005597,0.31314771590899804,0.27645345918954456,0.4345928984701076,0.34740694631574404,0.3530407334624686,0.3688484389898043,0.30211423906538665,0.2927072625378371,0.332829403496664,0.4201234961676482,0.3450723444995104,0.2879540765600651,0.29987560866488067,0.33959659864724334,0.3432409165312823,0.2284331109121385,0.28928458375351435,0.22740606551199935,0.25233762376997954,0.2940210483955313,0.2626432698882853,0.2547474571305336,0.2747764047570736,0.3680849802062564,0.2841646176916832,0.3682891981508689,0.2349857447269425,0.2580092111401507,0.29276118355891495,0.3140444820868796
25,milenkosRoomNearDevices_5,5,190.71926530754456,0.29930517994606354,0.5192733554658064,0.34418427745898506,0.4255222650691214,0.3953501570403425,0.3698508841502443,0.48393894840476526,0.21152216385972347,0.45597277458710167,0.46305060773899753,0.3984580946228723,0.3966468675661238,0.5145853550924604,0.5432691490216282,0.4482740087108382,0.41361487764518184,0.7813098810812207,0.34563216344577,0.3860298188942674,0.3623202969956615,0.2733016324789501,0.4041570167523655,0.3056637849932698,0.34893740343603374,0.41563490460550667,0.4172738948819093,0.30794852693521807,0.24986436556634545,0.37249786484601155,0.36723037285222093,0.50724707316524,0.37841467456623806,0.469079909109552,0.6661213083646428,0.47022146178334767,0.2777022491015381,0.25061869000315795,0.27877343932384707,0.2868796559024318,0.40992742922736053,0.3341998504641162,0.3474436575566897,0.3793064343854941,0.3080133601906894,0.31166974333725317,0.3133655433774752,0.4121694703805294,0.46602677437274875,0.48866639980386967
26,milenkosRoomNearDevices_6,5,190.71162247610349,0.24137018757779324,0.35467377982049675,0.34726589350704945,0.29566583832706517,0.1901457435592905,0.25721754613365494,0.3075446827899747,0.22041864956139673,0.3271404129167579,0.31107283003835323,0.3288161810419544,0.2747711340868299,0.42432380513735485,0.45502808384213844,0.3963751294274291,0.3856914964892007,0.7870707753935802,0.34574921944757975,0.4031553555460497,0.2991185207838788,0.32505132577543216,0.37062019275759944,0.28146389397860666,0.37398028450361753,0.2806335514172745,0.3809408412776884,0.2727280360529338,0.23064051350813508,0.41367574714202476,0.32062855949761004,0.49740821773703403,0.33560501965907574,0.4279289707232136,0.5790305336727335,0.4850320546402473,0.32202688681300895,0.24840978228605262,0.32005063662804617,0.2417471873434211,0.34103296701391966,0.3032775168809792,0.38019197641184943,0.31314264125773583,0.27483059447341973,0.30942938938204095,0.3538218711476681,0.38270629935388895,0.4727360917827624,0.47565370899531906
27,milenkosRoomNearDevices_7,5,190.3084831181246,0.2815314168314761,0.27470247174765794,0.31693197268733436,0.33925120687651145,0.2274581899306113,0.2787084097259772,0.2938142550353644,0.2611841136287304,0.38769484015983235,0.23919254837745552,0.26056231764232257,0.20173727849798379,0.2450556587338047,0.22164730963269402,0.2783430120158692,0.267844877667765,0.19707315367836883,0.2865678772920423,0.298850838787172,0.25055689689301375,0.330798405752997,0.3898761973469799,0.31909864536611793,0.4047495388643249,0.28801118485935345,0.3291166638622428,0.23367566807660373,0.20635001042779516,0.4225184628694675,0.3015329257894143,0.36757147930598116,0.18766202970710436,0.2410737937431087,0.41277622990030927,0.2943868126119275,0.2538133218504502,0.26580650689696655,0.3285904961910397,0.271714817025152,0.2476776510593699,0.23679435050774078,0.2869916107253969,0.20493513102592936,0.2777160179251615,0.2663650566898381,0.34454941920793697,0.30766855810332955,0.43285990323251744,0.3036988101553302
28,milenkosRoomNearDevices_8,5,190.27832650071986,0.3385279463512168,0.24617908811179667,0.29223987853065864,0.44998522343531533,0.27193112254317187,0.29984935059458506,0.33741820969961467,0.29781588332699516,0.4206561608430918,0.2741321267384178,0.19928149116445462,0.2850766024145942,0.20580341129336105,0.2307304143515959,0.3547448397864187,0.27140368734072257,0.23530330874163133,0.26692618664260115,0.31042203651764216,0.2631940472014745,0.2459231961285095,0.3662917391408191,0.3097701251911812,0.3344702057505326,0.3569653011451292,0.3510178667247662,0.2592081455116758,0.2501150989278875,0.39483243020680514,0.41551507905724006,0.34070195745019655,0.32684491733348525,0.2840859606704778,0.44414532639415805,0.25885032226549,0.26157005025369007,0.36345424109592905,0.292840571318509,0.28747713479820874,0.274452539898283,0.31617046198280563,0.30560704519603554,0.31709727885689815,0.2972162216503562,0.20509109648504006,0.24969167793338587,0.3099075497756835,0.4211263229114308,0.3265567822265286
29,milenkosRoomNearDevices_9,5,190.33077480995595,0.3139717383376013,0.26904029393145806,0.27178569184570894,0.40007503516164755,0.246694008185379,0.28731776792585484,0.35343761428413994,0.27055876818377494,0.4553192072970341,0.3478028347138011,0.2789400725851132,0.31939008516922357,0.30895821509401683,0.35944606768978427,0.32025583219321535,0.36884087122713727,0.27777900190295923,0.359190734966097,0.43207387096183947,0.22198279786786512,0.30522750997812176,0.3783639704818473,0.18241293469206926,0.32658254787648766,0.37765631735824384,0.34553229976891053,0.2717320832743046,0.32418823099339295,0.43552466563024816,0.3677297469757776,0.29224942126746484,0.3096700628742905,0.38787517723428244,0.3192299035037628,0.28163036596732266,0.2928991162158098,0.27925248301134814,0.27647566134553525,0.35385858100244466,0.31573471086460136,0.2903267092340086,0.27456329153525266,0.266787416726973,0.24957022517796495,0.24785925977481543,0.2262905892614946,0.2781993459240361,0.28168039717371074,0.2754395908731607
30,milenkosKitchenNotNearDevices1_0,6,165.95360971142875,0.8294600524459744,0.6959777668602236,0.5025209041236938,0.4491989698168945,0.5231030759484046,0.3913154523226779,0.406676459517206,0.4518989540443502,0.6044429054624486,0.25756419588713975,0.36154953964514863,0.4835614488654131,0.40706943422448183,0.39070828388945655,0.34708843592385874,0.37984370745351953,0.37114918810258657,0.42904778950763517,0.4534471121739472,0.3564317531567046,0.23634513283735814,0.44497033530364943,0.27761356058612857,0.3426770792078476,0.3597071422513839,0.3576459392897748,0.39896277524629653,0.41016743045568516,0.47840368898957253,0.3524313412732777,0.28213589006306306,0.36923088166765605,0.3052882216632624,0.3407585798428252,0.46428776711624126,0.2868968080092413,0.34396868748503373,0.365771285865826,0.3252778197926193,0.3065751612147779,0.27459459531104646,0.38632801482661494,0.2949653560730207,0.3860559305467027,0.3555234033535648,0.39027941234543206,0.34722162809236895,0.3377509213564928,0.47982533214142176
31,milenkosKitchenNotNearDevices1_1,6,166.01173542019043,0.7166081909487497,0.70807331384688,0.45652399135646177,0.4368670508851325,0.4351784143480265,0.33048813221290785,0.3659505562927384,0.34826580239468735,0.6282328561548647,0.3309969546301632,0.31524364021872253,0.5071603391497875,0.37656959885207963,0.43517320732007975,0.32590145322954284,0.35403510991221776,0.40051169796503633,0.3181732351737556,0.3962772172572069,0.4542726803994341,0.25369645233543264,0.47315134888421057,0.33847268843871015,0.3917336880678892,0.37833097484483763,0.34169821546062473,0.3827199044317084,0.422555301848032,0.5512305824557724,0.3869190209097691,0.2976915725848328,0.34024075802918435,0.3969739072995515,0.2765530151041246,0.45612553371879194,0.4006701674147415,0.36360043657561997,0.4143016789435471,0.27092645556619155,0.36499947145805084,0.31977646526398956,0.34982466567183,0.2681510048691577,0.2928241485264824,0.3123848068777228,0.39415898911199915,0.31528314763826515,0.3641552026587991,0.4456775957685587
32,milenkosKitchenNotNearDevices1_2,6,166.18693717282588,0.6975094238185527,0.6595689333338901,0.37966309013350275,0.4726586394762317,0.36674648931634446,0.4229670635769577,0.40243133178967094,0.27344010299156596,0.6159873485535897,0.36724836408924055,0.4499160718029618,0.3946750461602572,0.386538227312151,0.3534869462441718,0.42019318369977937,0.35724969291132014,0.40463692881910374,0.3293353787043342,0.5029726014043833,0.3755454312421236,0.36964640867687576,0.43200314322977007,0.4027905478888631,0.3590847285824789,0.4063810038596565,0.31493364888130043,0.36931307621561305,0.3701791714655968,0.5388625842033364,0.4237196016613822,0.40970149585934773,0.26628568842302414,0.4248915766823958,0.2686057327753547,0.38186226185186223,0.46834296738482895,0.3610351835080986,0.38616351083967126,0.3071824056619945,0.42478637852755985,0.40568122392864375,0.3973018293805028,0.4292154475349932,0.31823330314450027,0.273420243913522,0.3196456272239257,0.29349418503289165,0.41254856652690164,0.42901000393338734
33,milenkosKitchenNotNearDevices1_3,6,166.8980132969061,0.5541960279285006,0.5947139154976302,0.5754191621324539,0.5502757732754768,0.40351622945902776,0.4611098214258757,0.49293824451684454,0.2807252669415515,0.6535156201232482,0.4055858804231312,0.4958630757880048,0.31543890774595057,0.37298754811332824,0.4924212410705734,0.42664407602989296,0.36691635887139273,1.1329469460716903,0.8370119316597788,0.40967861732190936,0.30521159647803714,0.3543637460072489,0.5083480754961363,0.37177413318412966,0.3441692697671973,0.4257811512276151,0.4929452579927621,0.33151445920335554,0.5835438138616243,0.5031459852764839,0.504916540716954,0.4708878742318354,0.6579131170859712,0.34531582477644596,0.34309218948217735,0.9660980787153446,0.5371415565652198,0.3232882459039908,0.38423502699738515,0.4668766069801419,0.39419576219246116,0.408822449852827,0.418561974908913,0.39514819208350155,0.37993320196780805,0.2936598299155241,0.6172187111206574,0.32729256593403505,0.37689428437492367,0.42940769770244586
34,milenkosKitchenNotNearDevices1_4,6,166.72703696063334,0.38556081984315527,0.5793077768533406,0.5659702734049089,0.5666085498825172,0.41611379937780085,0.38846337096795186,0.40378859495308517,0.37625243885229753,0.5663766652184646,0.48212719138121124,0.42575513025192435,0.39448114094644876,0.29646020851116245,0.5781129859784184,0.41006198175685044,0.37742509396375623,1.159335871360319,0.8117292998263845,0.3602150979547713,0.31797850206200234,0.29015168164308036,0.4549402745288242,0.3142285106092761,0.3487506616182651,0.3572823753073614,0.49917271283559594,0.30492949899682636,0.5942586621654014,0.49349498020740484,0.4294812462921108,0.4129957258917272,0.6839704166057122,0.30023109855414715,0.3976365038505867,0.9358059400499313,0.4483229042702429,0.28862375388190625,0.33891753207386466,0.41958875852280014,0.34826248296510204,0.3070864329889749,0.3916305822018292,0.42294523273986767,0.3361553990734005,0.34503021142411305,0.661410906896127,0.3634610628597197,0.37990020547826675,0.46265158498397246
35,milenkosKitchenNotNearDevices1_5,6,166.16865888689614,0.7913190858159309,0.4877190554356325,0.5434151308242451,0.43965240969832603,0.44637962244916585,0.4910242010921502,0.3664558053798023,0.43263146871127384,0.6012037790524096,0.3394787550744064,0.39756072797672115,0.3480688298745657,0.3323213845937235,0.4142434924023492,0.2821025106628573,0.4336780246309397,0.24120403064055992,0.37570316219066635,0.32521995919378643,0.2933300733126246,0.2391458160589831,0.42333490855976796,0.3793805340601104,0.319497736754657,0.42053563858104365,0.31192182230421855,0.21063396519815936,0.36842893481158323,0.45567746021911903,0.5092413241335766,0.2856357849705877,0.31439982004681716,0.2756056552431703,0.36399859412853175,0.37381489308433236,0.29644032439564943,0.30571544575542237,0.38772470905853545,0.4297325418899495,0.25504736437003206,0.26037271281627383,0.28990707074735766,0.36191025958937845,0.28840731604158504,0.3980162132561763,0.33096222356297345,0.3223868210666201,0.4382050755416124,0.3973389032171028
36,milenkosKitchenNotNearDevices1_6,6,166.226080451297,0.8673296213528452,0.4842546722761977,0.447751454164836,0.3031318233861925,0.47136506799918476,0.48032473573485684,0.3921256718358034,0.3587887056779863,0.5540481767634649,0.32812766298436824,0.3341744723119685,0.3309864892027042,0.34569231214326823,0.32378562238802105,0.3183125158377258,0.3560681183933002,0.26537685206227707,0.31089474366408454,0.44328912130455456,0.35933937087961293,0.26321133550977843,0.41145747602862054,0.41070883619262455,0.29045364679825686,0.38342184424446757,0.3060078986674643,0.24930693668642775,0.2524407732453412,0.4026673384085934,0.5087180197796065,0.30857597915351365,0.25203056586447614,0.4053271326279982,0.373621311150273,0.38096590386685086,0.29724398079984343,0.3363958570109764,0.3841977552399376,0.4096087620809947,0.3927444661591048,0.3466752195817981,0.38335631257263336,0.3112386576485781,0.2793034242229794,0.4164283730207544,0.3214071869714164,0.26302984074630104,0.3958192281016506,0.33662896384772334
37,milenkosKitchenNotNearDevices1_7,6,166.2502386077379,0.605001947675971,0.5022764621413075,0.4805468376848532,0.4294797254403132,0.4507182997558174,0.31462016075202337,0.3643963178481002,0.3054026061607959,0.45934323488218914,0.3723002870515479,0.26187775106209116,0.30763919367968884,0.3300649783464359,0.345745779955131,0.285185564735401,0.3776785727265908,0.2738280950906967,0.24661732670307393,0.3888875836997213,0.38490859113255066,0.288035215447227,0.39868756837639385,0.294035797700259,0.30881618703990854,0.3770695110234997,0.3551572389226461,0.2764111691378546,0.2259394050323885,0.515105385348777,0.3777169429530654,0.38829013787454203,0.2266186966991388,0.41142064512692395,0.33242551887047755,0.3745520530331843,0.3198015942011244,0.28957565486368725,0.28026748021023146,0.3938428134876464,0.38185456855900995,0.3210659660889994,0.42482014246140365,0.2781317624064705,0.31223314561529986,0.3241568609155856,0.34779713780713567,0.30661257342014653,0.32344301327779157,0.31858314778602337
38,milenkosKitchenNotNearDevices1_8,6,166.11417235553793,0.6294981555156696,0.5204733597999265,0.41242144934871566,0.4742011892066255,0.4052245462091441,0.47657403635185175,0.32346252729796193,0.3217105807341659,0.5430585516448534,0.2949105009402288,0.26028406515733327,0.29255977475027634,0.3771306375132601,0.320689724016816,0.36240579772162007,0.43983832072101015,0.3290213246087372,0.34324580916929404,0.5132867406656076,0.25099461761431174,0.3723606140009974,0.417035710734455,0.2784883593593158,0.4154411901390787,0.39445323931837906,0.3657131369937795,0.24368067862666862,0.2846543445822857,0.5704509846001713,0.3588786208160697,0.30924713975356943,0.25380188147137206,0.24646417679602764,0.31472920487979394,0.25724024099909093,0.23677678661242443,0.3085025554930768,0.32083842337718954,0.39009390461389465,0.3049811706425752,0.29637542079791857,0.4466368774503333,0.40877726061382874,0.29589828685968356,0.2989732734774858,0.31877716940923045,0.3742084222218744,0.2697771154099377,0.4343859196077834
39,milenkosKitchenNotNearDevices1_9,6,166.434267900206,1.0557593539087002,0.8767796796688268,0.7208436769693026,0.6101504848403965,0.5771449082276164,0.6237668327063937,0.40372262705344514,0.5546600800066719,0.5221607635639365,0.419472284581133,0.4552614438896472,0.3745117056159612,0.33324061075484224,0.37262017655814705,0.4400993741480666,0.44884822713221983,0.36575923960194884,0.36353313940477233,0.5936644542549006,0.4570722323707882,0.5437531627247615,0.4097825982344696,0.4597104070920016,0.5016017868343773,0.2668118219031058,0.3360418618848595,0.2500814868030211,0.3321496972512702,0.5643195795109869,0.4673655038039646,0.2714051063363371,0.2550582090303122,0.2984982116507953,0.39729042219447863,0.2986074091750476,0.33777041408735725,0.40943374408661115,0.31439170591128074,0.3925993150089408,0.3941241383158959,0.4115041202052583,0.414865214746297,0.363984904001668,0.2876266064972629,0.430871367286121,0.3069521577163593,0.435882549588552,0.384225661438611,0.5548471717340279
40,milenkosRoomNearDevices1_0,6,191.2405102224877,0.5416974193517895,0.4045985903889254,0.5588929415640729,0.4468881273353687,0.47405655922213896,0.3340315206678357,0.38570548381159986,0.37460939932443355,0.4935414887128137,0.3082709388223595,0.3452491116017298,0.4191935257012816,0.4826152807605478,0.35591202334390004,0.27071664864393696,0.4789311865085869,0.5579114442655737,0.32613305926036373,0.351630409162709,0.3616031598449246,0.27262075431025345,0.32906350830076947,0.312785253876936,0.3005427816342146,0.3243237303815241,0.34337144425817784,0.2828328167049717,0.3285412096981881,0.5113376362212534,0.36147599012418585,0.4152512749333896,0.28341991588806786,0.3693705150978675,0.5396831708992434,0.4684452294767789,0.3019730267863604,0.37696290283471096,0.33846430959388946,0.5230147409147847,0.3730610826384535,0.26739311055411963,0.3386785942980696,0.36198821463706476,0.3247941550799027,0.32044369621279517,0.43949786261047513,0.5062361068273331,0.299284160138712,0.3027432618526594
41,milenkosRoomNearDevices1_1,6,191.2717733197284,0.46504260897590055,0.46711259603849464,0.5056743752367173,0.4531213257120982,0.3932054637379022,0.2782378407632283,0.3816675435658262,0.3177682946003584,0.5214519331478074,0.2825563948423576,0.24510097941492848,0.25463232425714494,0.4357568251388382,0.486041466093858,0.29099188819915783,0.3933022738828274,1.0584598512601762,0.47079332837252236,0.3593214292042193,0.34015443353523933,0.36074015646591556,0.30017588485122293,0.29468930259864357,0.45485229086123474,0.4012065445675952,0.29319590680476554,0.43930339947310204,0.43265584221231235,0.39939344306297453,0.41403238750911636,0.7084969367299693,0.4385337255072853,0.4837786710799255,0.4318007819266833,1.0965081132316092,0.4580299950096789,0.41265865588400347,0.3748109737349023,0.5852190832650606,0.3109228919240263,0.38828088999491306,0.5003370821173402,0.44993441064854106,0.2576452013692362,0.40574955214006536,0.6568990458153403,0.4597293586971083,0.2996182519222185,0.540758975862678
42,milenkosRoomNearDevices1_2,6,191.18505033835785,0.5968215174711221,0.5466211208066322,0.6435316600258739,0.277279078155955,0.3507524558737351,0.360543088031668,0.39530748026999096,0.26176366554521563,0.44000214425872963,0.3593009438549018,0.27185991004476856,0.28831271233057776,0.4687727054920937,0.45616881976918444,0.4069923780899288,0.379593558591417,1.043714122221085,0.49952676369248306,0.38601800647903795,0.3281089402518073,0.4113864869102654,0.2828484134854824,0.3131531488277453,0.4713624340782556,0.5299362103006732,0.2560624196510543,0.49498694664122,0.4102983910034369,0.4935437161999932,0.32902336934721216,0.675309851775756,0.42233070190846733,0.4244853498851235,0.3998637545432909,1.1229974298726644,0.5311246729516905,0.4167008996336095,0.35260160938306906,0.47820094720783435,0.3478921254521727,0.3221247246942581,0.45919129558729815,0.45298494678569307,0.2368628163596853,0.3997522460115217,0.64987517349463,0.481661273976686,0.35434868289067506,0.5355348657699657
43,milenkosRoomNearDevices1_3,6,190.5306297531601,0.6865544490064741,0.5628792934222476,0.404890315057947,0.4130548132624773,0.34010259725818637,0.438881423513185,0.3886976046698707,0.3504843100877668,0.4984052656673072,0.42364770842601507,0.31521869325507174,0.41965429394187903,0.3722867704750103,0.2965758772131654,0.3720446225422315,0.398297146176106,0.3399232762115397,0.3504849897509684,0.3279404433288118,0.4615581403168546,0.389390981637879,0.35627624680810566,0.2755514120312033,0.37678646949642003,0.43234144993799345,0.3249960988628778,0.28035031069541444,0.3041516960507013,0.47713237843954026,0.2649036367711374,0.302822386423811,0.2772541600411381,0.26367671995929715,0.3093577693024383,0.37493553566314214,0.3906222148182647,0.42901619152363624,0.31983747779769695,0.45835643748087157,0.3156951469771768,0.3442723627104904,0.3246083444070464,0.4006886889951898,0.36266040023934776,0.2695574646277941,0.28348248481300004,0.27814988336902663,0.29676569266305924,0.2744360995845029
44,milenkosRoomNearDevices1_4,6,190.68740979124993,0.7116143457692405,0.5958115507778757,0.6088439865297086,0.48621864876674886,0.4435925029379306,0.3678448416202504,0.37953094904037327,0.3866189394800075,0.38413798164340973,0.4334351181721514,0.34408915612147306,0.4684964615193471,0.316930743659417,0.26082230749520824,0.26225124821717,0.3144860225403678,0.29274926285754166,0.2900328190718731,0.4395350086093852,0.4807096069537158,0.3747711383365035,0.38198174968463083,0.2955303663525476,0.24715450634835667,0.3786755599807539,0.29612651633406645,0.31391941548679164,0.4093768924118082,0.3998972531105137,0.2895297178845873,0.25821304952080504,0.3644589280088073,0.2940381669116622,0.2812862850948168,0.37476270972880116,0.35293208490217487,0.2362472444651239,0.3313228586318073,0.4736609755579976,0.3309949522322675,0.365643220500256,0.35331695324633683,0.38093590290210033,0.3286583908241329,0.3686700796832528,0.18952768283691313,0.28281581111290915,0.22930830325435014,0.26822274724141815
45,milenkosRoomNearDevices1_5,6,190.65742987821065,0.6936584804843674,0.5522686630892947,0.6167618387972615,0.542260576423417,0.4845596796927098,0.3294693980653293,0.3144703685077429,0.392834357798948,0.3991818631389272,0.4295653949846547,0.302075202253684,0.3915642893071672,0.3243315434533403,0.2581650815939374,0.3481595873393345,0.4793015574481866,0.2854840185179956,0.23655653500917195,0.3476595362520343,0.44398864024162893,0.318727463036511,0.33708256202026216,0.2699035065743792,0.2856585553554298,0.4342898479781789,0.3344080938161651,0.3798769485737389,0.4500916796544668,0.370521089183099,0.37539109714996427,0.3109894180019379,0.34231428865118935,0.31725075652648277,0.26958688577385076,0.3380580560492687,0.31731496795649344,0.26445562440680487,0.2582237943363388,0.3453000439610547,0.31937370706938883,0.30355777423523633,0.377332104733081,0.25481451152396656,0.19551037052109538,0.3517037930001206,0.24407283229417534,0.3112490099892227,0.2718611648296778,0.24639767692075332
46,milenkosRoomNearDevices1_6,6,190.57266516737107,0.3154382267915187,0.32555231832850723,0.4766897678315333,0.4787266971047204,0.42720832055474967,0.3199698003305494,0.4364646064745598,0.40429843831416384,0.4209362224041543,0.3785969906902931,0.3555209415281836,0.31351176021485755,0.2546414442867683,0.3562352888697799,0.3193397338840008,0.45313978494809887,0.35167274138677695,0.3622830429667831,0.3131527073534372,0.3307757345345024,0.3068433307150944,0.4071032013271857,0.33109524395818035,0.3808038413813065,0.4051093668315528,0.2212336120771488,0.32586924167067616,0.3796246422157905,0.4236763686011705,0.3995601708137777,0.2627816264249309,0.32425322497376113,0.2522985734939745,0.3678307885319283,0.29441411942200696,0.3108469779446099,0.27904146647568934,0.27564062886433227,0.40785917635060687,0.28046960504961704,0.34192886043483117,0.3630904687764536,0.23583229639431283,0.2065873311666574,0.3303095019787614,0.26618384141099244,0.26601239371523816,0.3205886231934434,0.33517898310176597
47,milenkosRoomNearDevices1_7,6,190.63123557114406,0.4862635924438303,0.39815444705881753,0.5089109633057076,0.5095594942340614,0.4730219810908067,0.45763518237457046,0.6227802631749283,0.3937288187213582,0.47024943440682093,0.41207019076853313,0.37891243704823957,0.43584521520554764,0.35586558009725455,0.4575176173719363,0.3429017557055243,0.4464719744041561,0.2646102534479289,0.3742793676604049,0.3446808161737807,0.3415887422194396,0.40677032045535955,0.36749526845893093,0.3875469865726811,0.3853180679067939,0.3824072484629059,0.2769599440801243,0.3465739719168738,0.37043145565071844,0.5162479873302213,0.39137893074305846,0.3050223476700539,0.35540408048440164,0.26077811349396957,0.3376630354633984,0.2703000095184893,0.33012719051368605,0.24261602035391247,0.2887269344496193,0.3628066290243735,0.25074454065167895,0.32861246946470324,0.2679356060687652,0.31839342381188135,0.23034796402216826,0.27687987359656013,0.28701920927628666,0.24003907601163887,0.3103668926753555,0.2832736957433979
48,milenkosRoomNearDevices1_8,6,190.6460174636593,0.4796193259129582,0.3821881048256963,0.49604359517358126,0.4105311729045761,0.5503909575131272,0.48646467833766666,0.538991710866902,0.4320926717438247,0.4917556948867472,0.4184230490342308,0.3119399626013009,0.45051846562335707,0.4024502691090339,0.40240722848924104,0.37830552031289333,0.3683685779133302,0.32660885014288893,0.27714933733415814,0.35206340815410864,0.3234899478073948,0.37324188427390065,0.27320944995471613,0.28152620168482373,0.33324541137266894,0.37332825296772965,0.32242585195640905,0.3111972036295646,0.31571123565466214,0.49370949607768955,0.3246854394685892,0.32289161713325343,0.40096305168585233,0.2813673154142555,0.2152052007252153,0.29459921098696357,0.22167880350586705,0.2946382250709755,0.25435941963517344,0.34375756213682274,0.2466433821191692,0.3189268375088608,0.2480890682504909,0.3329859434676625,0.28819663952551405,0.2745289941218656,0.3023030179541735,0.2289600858396191,0.3041682439503313,0.2859156754408676
49,milenkosRoomNearDevices1_9,6,190.58230950414534,0.3707151720809359,0.4566827584195057,0.36565178904472473,0.40437077488296885,0.3100266402488113,0.42188573489394343,0.3550195192439233,0.36417648414897796,0.40123745175284853,0.39828512036345254,0.23809254036397237,0.3528531462869448,0.34536534563024623,0.29481600142843317,0.2999483420400877,0.31420417216392754,0.30107479369302154,0.25493718750991906,0.3960483489469948,0.29311306198386944,0.30393532631209536,0.21547743958481325,0.2789359916171077,0.33039386784698477,0.2791701916698984,0.3839602675654642,0.3020310881192187,0.1774273905521835,0.4490052049123348,0.3680482695942716,0.2961059636614239,0.32676552593424163,0.28070681263062397,0.256107442081149,0.3037353160611285,0.24639748420222146,0.31598091418142177,0.2866113139576713,0.2995590171514402,0.27626631091596404,0.3729088195910181,0.2588706664150597,0.2829647863954672,0.29653321293185425,0.21760571599391074,0.2778771134230047,0.2430115387115353,0.3054877483181108,0.27890878997349533
50,milenkosRoomNearDevices_0,6,190.66082918521582,0.949865336781524,0.5469499757570004,0.6584399953622152,0.36775315539916137,0.6063790968792844,0.437813571399309,0.579603873280436,0.4074511631909025,0.5873242362165747,0.4063672852010461,0.5056723671191695,0.4432399111449255,0.478546945859008,0.32661972555100244,0.33306441862222147,0.5206538938410247,0.358359184642321,0.4054455923960598,0.48168619326395834,0.3147579179819045,0.33501900787580075,0.37943439217375724,0.36387091045193903,0.3011218482085313,0.33918758164386564,0.5080375993625847,0.3703507174917005,0.2990839253736825,0.42598915269983434,0.42756511670098385,0.31255835855329106,0.3905069253939022,0.28153658570729195,0.4700036586583082,0.28008690255358243,0.43549491747818375,0.377507238398262,0.3493308747436851,0.37146628197663584,0.20981394771056414,0.3562705780870307,0.3397184461182678,0.3356222257675836,0.405761897235392,0.3741613803933912,0.2370236149869112,0.43974849237611946,0.3652141366549183,0.3261651193120362
51,milenkosRoomNearDevices_1,6,190.6244500181949,0.6849438602533607,0.46491121985766115,0.5410082608741136,0.3358396060489163,0.46094507569806575,0.43674096394432416,0.44058887492187115,0.3562250322402588,0.5086837951893274,0.3069173497496013,0.3712194597719394,0.37975093112347047,0.38134876553593344,0.3394911037192039,0.3389910327609895,0.48306963179624124,0.41600070652164045,0.5042342013872007,0.4155687372415648,0.3127913031091591,0.27262330814265623,0.3447468040788443,0.2904118549672904,0.27662682793433496,0.3802931264770224,0.37754244106150825,0.3446576498205802,0.29383032445036517,0.45976929223464574,0.33692103782578686,0.37769264172317607,0.26868058514720705,0.34260381821315034,0.4884696827903572,0.41510342100879105,0.2568399152929951,0.363429336854381,0.32385718074749725,0.3783780573968002,0.221201617033365,0.2597088869817776,0.3593288154958172,0.2631738049501197,0.42715213289904824,0.3306246088208372,0.2878417718451332,0.34889577016823475,0.3015041294256042,0.3301044769600303
52,milenkosRoomNearDevices_2,6,190.9189112802285,0.4509751931974632,0.49245649823474874,0.4006694294401392,0.41420157418834197,0.42637526274941207,0.3639705148566115,0.3582793393440827,0.2444871150213774,0.45469726055858983,0.393219481986926,0.23388281176005823,0.30189307885060895,0.35237512174973956,0.327287529068651,0.31790005651806,0.488885407053789,0.37289230644136373,0.4901234219436445,0.42006122175433797,0.23494805553642062,0.35236277030706153,0.30836101628915225,0.299022348693786,0.3704293829633192,0.3578521756668739,0.3658669267546985,0.3806974908014681,0.25997959468204224,0.3908771471424496,0.34062868439072935,0.3912348274105243,0.2780142271566598,0.31146668866679267,0.3755585428962702,0.4604555714094673,0.3087170026868693,0.3977096080274426,0.2297705069475339,0.30725172473629275,0.30330790871122826,0.2673185142883779,0.31749479535016134,0.28380832335981554,0.3391750638109349,0.29425009053669887,0.3106494190719139,0.28144468386930066,0.25478631852399763,0.3236055829241011
53,milenkosRoomNearDevices_3,6,190.99207510347136,0.5510199449061342,0.3741087934426816,0.38232040612175877,0.36390326034799797,0.4347521988112458,0.31067820735162655,0.3399182919913186,0.3236789557741351,0.45298666829538203,0.3062505363095928,0.35609359152063025,0.2512397350773218,0.33689054661823126,0.376244093594992,0.27412674109129054,0.5005247918662228,0.2745728331594337,0.37103600839227546,0.3178464907781786,0.2700868624943238,0.3489318374877409,0.36256296501015184,0.3163629561581084,0.35281307122222016,0.3537241266463478,0.27334864314006135,0.348139934859926,0.37846510526841337,0.307917170323906,0.3361701360306003,0.3143294798744556,0.28854343000387617,0.28243808485107497,0.38495048768897294,0.3179308763431316,0.3327317053495269,0.30744131260789465,0.26947580422362144,0.2851978644481813,0.280001631855181,0.25325903904817987,0.2602514007752224,0.2303609346296666,0.24171836379737488,0.284232991363213,0.4212251356771896,0.28632578317824986,0.32755559362262826,0.28910138965631593
54,milenkosRoomNearDevices_4,6,190.8555002932403,0.45425969089528684,0.4178878837163459,0.35891870850551183,0.29370943571856206,0.3960810174458016,0.353277619860019,0.35208361283777,0.36425795927058674,0.35933112406818396,0.33861286501490956,0.35377854898611294,0.27313505973842805,0.3085248419103879,0.3123323308426938,0.34970241526061385,0.37081287144947167,0.272022470167363,0.25574441407348,0.39963679302823724,0.330926277236117,0.36954737818113154,0.3241724196141035,0.3342332253046645,0.2462823080436411,0.34741200923844445,0.2686912931053837,0.3722576188234663,0.3213868223210643,0.4464509183718488,0.3289747433000028,0.29464109782003656,0.3251831704009129,0.26317746509494006,0.3811891638084806,0.3045265061771525,0.2711130337358927,0.39371197291266163,0.3343077110477636,0.3211753889345715,0.29789389032362934,0.2521379403416848,0.23315335948917723,0.24167043106257768,0.24594080933659523,0.29622277534426944,0.37881604366335114,0.2821381541726942,0.3699851281708172,0.3308417159711418
55,milenkosRoomNearDevices_5,6,190.87644309048994,0.5251389419031305,0.47527095221040855,0.41889814601959285,0.38168182907536546,0.4072369177885361,0.3495650081008693,0.28375798813261033,0.30722354732509083,0.4475321099835562,0.3075888391114194,0.4203923376074056,0.245316689498001,0.3531906082836719,0.3079464470101352,0.33468657269746316,0.33561363259709875,0.3445128904267807,0.2983966149849906,0.3973328512192298,0.3150512108311691,0.3071925246942639,0.26256290286173395,0.3561447743744992,0.24433722258686252,0.3638592833344693,0.2639186725191602,0.3456516853834091,0.21421225172192554,0.47127306900796606,0.34103253957096974,0.306275386104183,0.30919918315798844,0.2029338183214027,0.28846242654121534,0.4167105533647273,0.24814295087595045,0.4612557746129282,0.3362433703670489,0.2788275676698753,0.39831906041412907,0.25854023450417224,0.2657621379584249,0.30886291247565506,0.22834257620112142,0.35120257133033034,0.2816695678616953,0.25987959408271905,0.3686712203997475,0.32040833656563145
56,milenkosRoomNearDevices_6,6,191.4798455781546,0.5606393020607043,0.6260501353005348,0.3503507111024133,0.4420944119574576,0.34045788893989304,0.4001501201466399,0.31460223915845764,0.3460127610737712,0.3668030373897817,0.3187441028959794,0.46326609081256287,0.22729937370030215,0.3662591540537715,0.5205563710910183,0.36090714519407524,0.47182650977082835,0.3047079137401156,0.29865379836963335,0.4913096558450174,0.26455832211034463,0.3070773170916189,0.3460673839918298,0.3419179471674679,0.39259086885213257,0.30786681841063174,0.3562340551901419,0.2792894045751487,0.3834702178599443,0.42332316572337947,0.23053083444732195,0.27822724527840204,0.24993604901841088,0.31890559242120003,0.27637373801977183,0.4158194585498233,0.3657424395736678,0.3956559848964055,0.30905180982716896,0.3395691090485085,0.36471427724878086,0.17702177552580978,0.3151521460102799,0.3682634537782936,0.3326574339682224,0.3176727011792861,0.3340623844742098,0.31332153378668587,0.38714875695857076,0.3316988675148843
57,milenkosRoomNearDevices_7,6,191.8818760517323,0.5436416350961846,0.49281754969882985,0.46577741579417536,0.4350702804081802,0.3651958119233065,0.41959072969765077,0.3876152800848109,0.3416989460506666,0.37376520938828117,0.3881652339956055,0.3920950024805782,0.2412379733956655,0.4658059846912898,0.4953743645135631,0.37067198880209107,0.46953178593064204,0.25906903405659354,0.33407636382027595,0.4733131825269127,0.4454935512861921,0.34994018652440095,0.27219374204488156,0.40738623450023437,0.42215079538614586,0.32875133394488176,0.29097997527446195,0.3040527579936991,0.37825977283108736,0.3553807785612898,0.3342472266544316,0.31672174114358265,0.30452680300885693,0.31150661225365417,0.4335866463707969,0.3463656802666387,0.3289054102895016,0.282846293425675,0.34470294042492583,0.3208391616772373,0.28127161587067967,0.2108946017796781,0.31008524193406756,0.3306946647240502,0.31843614739428944,0.34990322888255226,0.2850160131576716,0.38706108184751187,0.320352591449479,0.30324473088328624
58,milenkosRoomNearDevices_8,6,191.37958812825894,0.673946568131227,0.5244048541852842,0.5048719788617902,0.5222328260490833,0.5332933631504111,0.4330859941828703,0.40900611189421526,0.4504818311754274,0.4623158753164428,0.36031865942953595,0.4774985595037673,0.27567845280346437,0.38806004957450935,0.37535104364353233,0.33409303422477754,0.4492072696240843,0.2863078903177997,0.31979411387813667,0.44032389471228006,0.35669563430168905,0.2244903130782192,0.31581663574792834,0.31272883808438073,0.34080549869296906,0.3186139975439194,0.41594768498089096,0.26921955962917643,0.2799823564975413,0.531432406887402,0.3752654003221001,0.32316438699284805,0.3679679796015602,0.3433060136619364,0.4648149206028314,0.348619398613008,0.3274033364670945,0.27128360767198617,0.35864899410363066,0.36830870965493107,0.2775810871446853,0.2704139952348729,0.2380437717952107,0.27552176682932217,0.24353452194695996,0.3916864908553052,0.2935102232344518,0.3321562273540669,0.27198147840551756,0.2653003810694214
59,milenkosRoomNearDevices_9,6,191.33641298482263,0.6957388529840792,0.5869268606084641,0.5146853310512364,0.49485057122439574,0.5810990243341002,0.4471441162358159,0.40933045952289127,0.4202669338831236,0.4238970214667437,0.4984103996849522,0.41202594340366877,0.3505595601430356,0.3684242504838589,0.5074926913685729,0.30525141297485164,0.45998911235661244,0.3307082145172873,0.31075048849387643,0.30652555112579927,0.338507868907862,0.2552056598833745,0.3807237726137929,0.20612456126752915,0.27847399991624655,0.46962051048853026,0.43198390717125146,0.31918172997309713,0.46410034151249935,0.5856449850785002,0.3245071360027871,0.3237921094471633,0.2767379729519741,0.3136270480668547,0.355635754704853,0.348242731445008,0.30617925034783183,0.2647624651723477,0.30451840242754247,0.4262284100949191,0.372937895077944,0.2869760534527586,0.31837109532861296,0.24016530738119027,0.379193068749929,0.3576919393330276,0.3640684479483332,0.36044445812744547,0.3498893829812088,0.2850939985121506
