,name,location,device_id,label,count,X_UnCal_mean,X_UnCal_std,X_UnCal_min,X_UnCal_25%,X_UnCal_50%,X_UnCal_75%,X_UnCal_max,Y_UnCal_mean,Y_UnCal_std,Y_UnCal_min,Y_UnCal_25%,Y_UnCal_50%,Y_UnCal_75%,Y_UnCal_max,Z_UnCal_mean,Z_UnCal_std,Z_UnCal_min,Z_UnCal_25%,Z_UnCal_50%,Z_UnCal_75%,Z_UnCal_max,Intensity_mean,Intensity_std,Intensity_min,Intensity_25%,Intensity_50%,Intensity_75%,Intensity_max,X_Bias,Y_Bias,Z_Bias,Bias_Intensity,Accuracy,fourier_mean,fourier_std,fourier_min,fourier_25%,fourier_50%,fourier_75%,fourier_max
0,milenkoParkWithTraffic1_000,Park,03575768cc23b2df,5,1000.0,-36.288997214999995,1.231707623894345,-47.8728,-36.95685,-36.301099,-35.54775,-33.0132,57.854095059,0.36636290393198284,54.912197,57.632797,57.852398,58.096397,58.938198,-77.47146315600001,0.7848028031620466,-84.131195,-77.909195,-77.433395,-77.0064,-75.578995,103.28300856800567,0.837289280510977,101.09692967744571,102.76977306544391,103.25873230185488,103.71508165995857,109.22845524650269,-17.414808,48.837105,-32.69565,61.29717686305291,1,4.56458521879258,29.287316196827,0.20881469054272447,0.3255559193189703,0.4008008917474195,0.490624134330801,207.5133156032024
1,milenkoParkWithTraffic1_001,Park,03575768cc23b2df,5,1000.0,-36.222373018,1.0342152000885023,-40.8456,-36.9538,-36.307198,-35.526398,-32.9766,57.85244807800001,0.35446877464925103,56.156597,57.645,57.852398,58.084198,58.8406,-77.390455143,0.7416248364565682,-83.448,-77.7994,-77.3785,-76.957596,-75.335,103.19614923561278,0.7398950148764254,100.9953172072607,102.74409969873834,103.18660056095254,103.62929579492817,108.5799588763967,-17.414808,48.837105,-32.69565,61.29717686305291,1,4.509992032816952,29.195188768099285,0.2089257982361245,0.294165518670437,0.3586858947098772,0.43673600890543557,206.82037359008623
2,milenkoParkWithTraffic1_002,Park,03575768cc23b2df,5,1000.0,-36.16450841700001,1.0709058640711098,-41.541,-36.8806,-36.2828,-35.4288,-32.9766,57.871955929,0.3650718057680858,55.595398,57.6572,57.8768,58.1086,59.096798,-77.47335419599999,0.7371984821225103,-83.387,-77.896996,-77.433395,-77.0308,-75.335,103.24937736434278,0.7375195574432223,100.9953172072607,102.80062369972799,103.23681249881727,103.65446826093068,108.48914567263586,-17.414808,48.837105,-32.69565,61.29717686305291,1,4.507558887222683,29.215347484188143,0.2113766875799913,0.2927649411346157,0.34454118611794327,0.4447871646311393,206.95813371948964
3,milenkoParkWithTraffic1_003,Park,03575768cc23b2df,5,1000.0,-36.143487778,1.0894052852577343,-41.541,-36.8318,-36.227899,-35.42575,-33.062,57.867380960000006,0.3526981013020946,55.595398,57.620598,57.8768,58.096397,59.096798,-77.546956711,0.6848300484881161,-83.387,-77.9336,-77.5432,-77.12534525,-75.6278,103.29462284328491,0.7181938187545379,101.45477707968611,102.83733092001208,103.31818956321396,103.71588587394287,108.48914567263586,-17.414808,48.837105,-32.69565,61.29717686305291,1,4.495775651029519,29.239522177776394,0.21611358760818053,0.29057091096103577,0.32296161612901075,0.4160981206606328,207.11353636132688
4,milenkoParkWithTraffic1_004,Park,03575768cc23b2df,5,1000.0,-36.110071991000005,1.0620306421448662,-39.5524,-36.8074,-36.1974,-35.3922,-33.062,57.868149503,0.34858126539042705,56.839798,57.632797,57.864597,58.096397,59.035797,-77.581799936,0.6656038971510263,-80.9348,-77.9946,-77.591995,-77.1528,-75.7986,103.30921857984906,0.7016482183357226,101.45477707968611,102.85430203180542,103.33815304967088,103.75597256387462,106.12906571265009,-17.414808,48.837105,-32.69565,61.29717686305291,1,4.485640376090662,29.234822385443625,0.1544229069127734,0.2702165281314114,0.32076641514392457,0.3993420901704859,207.07081872300776
5,milenkoParkWithTraffic1_005,Park,03575768cc23b2df,5,1000.0,-36.038543439,1.0324110829423618,-39.0888,-36.7464,-36.1608,-35.3556,-33.3182,57.882240502,0.3441340433929723,56.693398,57.6572,57.8768,58.1086,59.035797,-77.599258162,0.6478451719383167,-80.9348,-78.019,-77.6042,-77.165,-75.8352,103.30496960463404,0.6792367949413497,101.45687495659229,102.8346161347655,103.30339341567885,103.7617593496505,106.08787566755781,-17.414808,48.837105,-32.69565,61.29717686305291,1,4.4718732006910935,29.21513338198851,0.23001679061803784,0.2616167263905122,0.30802586735924475,0.39661648057110593,206.92091920860614
6,milenkoParkWithTraffic1_006,Park,03575768cc23b2df,5,1000.0,-36.047693459,1.0711792234419533,-39.9916,-36.7464,-36.130300000000005,-35.367798,-33.2206,57.885534484000004,0.35810045704580223,56.364,57.6816,57.8768,58.1086,59.1212,-77.679253565,0.8262523568621062,-83.9238,-78.055595,-77.6408,-77.22295,-75.8352,103.37089789636913,0.8076239547576318,101.45687495659229,102.90471437133394,103.36810126932681,103.7949794992643,108.71721470402008,-17.414808,48.837105,-32.69565,61.29717686305291,1,4.556338570593061,29.28018738755799,0.23928486363465878,0.3144716308092196,0.39686754191863693,0.48786847976364406,207.4555347265979
7,milenkoParkWithTraffic1_007,Park,03575768cc23b2df,5,1000.0,-36.094187651999995,1.1428902731613335,-40.8334,-36.761649500000004,-36.1608,-35.38,-32.9888,57.867295465000005,0.4014443406293339,55.9736,57.6816,57.9012,58.1086,59.1212,-77.778293145,1.0363111162364118,-84.0214,-78.0922,-77.6774,-77.2382,-75.871796,103.45282730534443,0.964032311758953,101.37090147746748,102.92030831254345,103.39576417219126,103.84048387040964,108.71721470402008,-17.414808,48.837105,-32.69565,61.29717686305291,1,4.625579711558427,29.330448099240794,0.23221522797615465,0.341941893451833,0.4265954292585392,0.559407261257975,207.87021660534307
8,milenkoParkWithTraffic1_008,Park,03575768cc23b2df,5,1000.0,-36.06118665,1.1110678394112283,-40.8334,-36.7464,-36.1608,-35.3434,-32.7814,57.878787852,0.38730539794537605,55.9736,57.6816,57.8768,58.1086,59.231,-77.72962725000001,0.8869710554090027,-84.0214,-78.08,-77.6774,-77.2138,-75.713196,103.41037905142787,0.8493926230293342,101.37090147746748,102.88978849161619,103.37598892474293,103.8118932938182,108.69478450799744,-17.414808,48.837105,-32.69565,61.29717686305291,1,4.57401042298481,29.33123343891469,0.19939336454796466,0.32291297631811183,0.3760156337189955,0.5035830779161778,207.82586599689822
9,milenkoParkWithTraffic1_009,Park,03575768cc23b2df,5,1000.0,-35.98161822,1.0221507985456288,-39.1498,-36.6488,-36.0388,-35.367798,-32.7814,57.905188668,0.33980930974075213,56.0956,57.693798,57.889,58.133,59.231,-77.64225081500001,0.6384339701706421,-81.6912,-78.055595,-77.6774,-77.23515,-75.6034,103.33022369486748,0.6621467575396591,101.43077432042014,102.89566019175757,103.37663322731925,103.76730455582071,106.5364299713483,-17.414808,48.837105,-32.69565,61.29717686305291,1,4.474024453407469,29.24238601655096,0.19396947951975735,0.27166569673978147,0.32466715759275067,0.4053971855870867,207.11210645374865
10,milenkoParkWithTraffic_000,Park,03575768cc23b2df,5,1000.0,-36.453306851,1.3850559657555717,-49.7272,-37.1002,-36.447499,-35.6941495,-33.184,58.352757907,0.39734509975213894,56.181,58.1208,58.3648,58.5966,59.9142,-77.14981003599999,0.8255977743079722,-82.3622,-77.570649,-77.116196,-76.652596,-74.8348,103.38224630543449,0.9209985692252969,100.86085614013001,102.8225821080444,103.33831528362607,103.83051946817497,110.5937913485201,-17.414808,48.837105,-32.69565,61.29717686305291,1,4.60245119538047,29.38387412050152,0.25042838919859056,0.3355760725205002,0.4019429753805509,0.5106845708442744,208.2193382534493
11,milenkoParkWithTraffic_001,Park,03575768cc23b2df,5,1000.0,-36.30815127500001,1.060589265343162,-40.26,-37.0148,-36.417,-35.6484,-33.184,58.211921044,0.373431633800074,56.8886,57.9744,58.2184,58.4624,59.426197,-77.076244057,0.7140215028758712,-82.3622,-77.5066,-77.0552,-76.640396,-74.9202,103.1935505208416,0.7218059543410618,100.97469457612438,102.71431615578217,103.2084930888156,103.63540163807822,107.70198004010882,-17.414808,48.837105,-32.69565,61.29717686305291,1,4.504963863691745,29.17921265954026,0.2730036879413182,0.32811194827988077,0.3636868996257961,0.41330158103772074,206.70574211186923
12,milenkoParkWithTraffic_002,Park,03575768cc23b2df,5,1000.0,-36.269355211999994,1.0743101495152318,-40.26,-36.96905,-36.4048,-35.5874,-33.3792,58.069827652,0.37001334320352497,56.461597,57.828,58.072,58.315998,59.194397,-77.097972289,0.6506783697052656,-80.2638,-77.5432,-77.0674,-76.640396,-75.1642,103.1160159365635,0.6846811952569795,101.22240572959926,102.63052964574372,103.14115638119557,103.54897873985117,105.96021122226597,-17.414808,48.837105,-32.69565,61.29717686305291,1,4.475709447036164,29.171819173911747,0.2250629714761086,0.2882531038610924,0.3228740570774684,0.38772208563173555,206.62476166558076
13,milenkoParkWithTraffic_003,Park,03575768cc23b2df,5,1000.0,-36.379631001,1.2888026425920245,-43.627197,-37.0392,-36.4109,-35.624,-33.3792,57.979925923,0.42919164944988014,55.290398,57.767,57.9988,58.25804775,59.194397,-77.148638851,0.9835877123783433,-84.729,-77.5249,-77.0552,-76.6038,-75.249596,103.1451799492742,0.9718466618919567,101.0398181340406,102.5753555637371,103.08742405363402,103.54966298076694,110.2105577963745,-17.414808,48.837105,-32.69565,61.29717686305291,1,4.608774967649086,29.322062327790253,0.24301327908127995,0.35255699663466317,0.4137566689083352,0.5035861287607598,207.795267775571
14,milenkoParkWithTraffic_004,Park,03575768cc23b2df,5,1000.0,-36.42325823400001,1.2693106775082474,-43.627197,-37.07884775,-36.417,-35.6484,-33.196198,57.959356711,0.43323707654991767,55.290398,57.73955,57.9744,58.242798,58.9992,-77.086858068,1.0155586352016552,-84.729,-77.46085000000001,-77.0064,-76.555,-75.0788,103.10273592465522,0.9892694947650236,100.89277999262386,102.5409493382167,103.0123377735102,103.50952416491063,110.2105577963745,-17.414808,48.837105,-32.69565,61.29717686305291,1,4.622129476412854,29.324329594097897,0.2726892585743396,0.3767607190036862,0.42112762442048013,0.5063277445289651,207.82466455753118
15,milenkoParkWithTraffic_005,Park,03575768cc23b2df,5,1000.0,-36.323181597,1.0790817335018692,-40.2844,-36.9904,-36.4048,-35.6087495,-32.878998,57.953305480000004,0.3853939976066013,56.0468,57.7182,57.956100000000006,58.2184,59.3774,-76.975398881,0.7572755181153134,-83.448,-77.409,-76.957596,-76.506195,-75.0788,102.97810458400073,0.7524882193062684,100.89277999262386,102.49676226361201,102.97324810536063,103.42552458482704,108.46783914875412,-17.414808,48.837105,-32.69565,61.29717686305291,1,4.5167139300564125,29.125950388370892,0.16166611151377294,0.32920585116584744,0.37127797248808103,0.45106520664047156,206.34784610651903
16,milenkoParkWithTraffic_006,Park,03575768cc23b2df,5,1000.0,-36.32237639,1.0609958759434703,-39.649998,-36.9934495,-36.4048,-35.6362,-32.878998,57.90895849500001,0.35970657661265604,56.242,57.6907485,57.9012,58.1452,59.3774,-76.957721144,0.7268944088226114,-82.5208,-77.409,-76.9332,-76.4818,-75.1154,102.93926188333228,0.737525731156092,100.99562703978822,102.45490359829546,102.92595803210719,103.40903576298044,107.44750968747485,-17.414808,48.837105,-32.69565,61.29717686305291,1,4.496668030913258,29.11954608803956,0.22410097665039677,0.3010399887579983,0.3600753498878334,0.42005858980016864,206.28345828330174
17,milenkoParkWithTraffic_007,Park,03575768cc23b2df,5,1000.0,-36.275125829,1.0431463887918688,-39.6378,-36.966,-36.3682,-35.66975,-33.3548,57.891536939999995,0.34540918999015097,56.7422,57.6694,57.8951,58.1208,58.8528,-76.99722479,0.6560202449559913,-79.3732,-77.44864625,-76.982,-76.5428,-75.2374,102.94196628497846,0.6896870535665808,101.04876378870763,102.44454287652947,102.92595803210719,103.40808250186866,105.28018822893507,-17.414808,48.837105,-32.69565,61.29717686305291,1,4.465310281966889,29.10777780259107,0.2011010603696978,0.2684183242253313,0.3287669390436217,0.4056026076219116,206.1702559247692
18,milenkoParkWithTraffic_008,Park,03575768cc23b2df,5,1000.0,-36.334539808,1.1348710713719021,-40.4796,-37.0148,-36.417,-35.6606,-33.3548,57.853009312000005,0.40604322179369734,55.7174,57.645,57.864597,58.1208,58.8528,-77.201904125,0.9248519506094504,-83.448,-77.570649,-77.116196,-76.69835,-75.103195,103.09635258824774,0.8672667485129091,101.15586717811293,102.5319635462852,103.01898174377307,103.5352700772442,108.4099749308338,-17.414808,48.837105,-32.69565,61.29717686305291,1,4.576168834308123,29.20274218004844,0.2553661774893923,0.33501768748973115,0.40232541911165554,0.5273143525057219,206.93778055612862
19,milenkoParkWithTraffic_009,Park,03575768cc23b2df,5,1000.0,-36.346581174,1.1632395413192438,-40.4796,-37.05445,-36.453598,-35.599598,-33.184,57.84274901,0.42015271466421367,55.7174,57.6084,57.864597,58.1208,59.2066,-77.225413461,0.9611971621370676,-83.448,-77.579796,-77.128395,-76.7136,-75.103195,103.11290167451523,0.8963665507393825,101.0175360390462,102.55074775610368,103.03862365569144,103.53549515413289,108.4099749308338,-17.414808,48.837105,-32.69565,61.29717686305291,1,4.592460692336314,29.204502485469174,0.2664963052871884,0.3645175366133143,0.39713766016399416,0.5586598613141606,206.96669652595224
20,milenkosKitchenNotNearDevicesWithTraffic1_000,Kitchen3,03575768cc23b2df,5,1000.0,1.6846857754619997,1.3640923685756812,-9.308599,1.0126,1.6592,2.4339,5.0874,36.883076284000005,0.40978165536550454,34.818798,36.661,36.905,37.149,38.1494,-74.450133115,0.7899039055710878,-79.8368,-74.8958,-74.3956,-73.94115,-72.346,83.11567638202851,0.6756950897638094,81.47703765860918,82.66505403426606,83.07279993735675,83.49307508158647,87.46664566016007,-15.227382,46.57547,-33.300674,59.24594886698246,1,3.6922936848537256,23.550339204686903,0.19197868357076783,0.299591020430737,0.3546840904489893,0.4138711898320471,166.8866619313567
21,milenkosKitchenNotNearDevicesWithTraffic1_001,Kitchen3,03575768cc23b2df,5,1000.0,1.752688570102,1.169669875729528,-3.9894,1.0491999,1.6958,2.44305,4.9165998,36.90216925000001,0.3945978977842215,35.062798,36.661,36.929398,37.1734,38.2104,-74.460698389,0.8012954343406672,-81.3862,-74.847,-74.3834,-73.9808,-72.3704,83.13206472954256,0.6794381348524966,81.47867159862413,82.71815251199527,83.07101097842975,83.49369189884273,88.65649678400518,-15.227382,46.57547,-33.300674,59.24594886698246,1,3.691832381505305,23.54890673154448,0.2247093052549904,0.2855550511002944,0.3339298251756595,0.4183252165567907,166.87557722267996
22,milenkosKitchenNotNearDevicesWithTraffic1_002,Kitchen3,03575768cc23b2df,5,1000.0,1.770646971,1.1521921708394889,-3.9894,1.0735999,1.6958,2.46745,4.8434,36.994779404,0.39861144469834403,35.062798,36.7464,37.002598,37.234398,38.3934,-74.52294270700001,0.7988160158168804,-81.3862,-74.9202,-74.480995,-74.0662,-72.3704,83.22908940054747,0.6778207126812702,81.4410093063685,82.8232394141507,83.18490220708173,83.58970179009023,88.65649678400518,-15.227382,46.57547,-33.300674,59.24594886698246,1,3.6951067521178573,23.58394328472175,0.18701380801027243,0.2811485296881495,0.33316008888543824,0.4045928011583599,167.1215589837477
23,milenkosKitchenNotNearDevicesWithTraffic1_003,Kitchen3,03575768cc23b2df,5,1000.0,1.664689973791,1.1042277541663146,-1.6226,0.8997499625,1.5006,2.379,4.6604,37.036979159,0.37789730546812794,35.6484,36.783,37.027,37.2588,38.3934,-74.627996943,0.6686112154422947,-76.677,-75.081849,-74.627396,-74.20955,-72.6876,83.33857163691093,0.580618112028426,81.4410093063685,82.9493557144829,83.32332191873516,83.70906756112689,85.13340865032015,-15.227382,46.57547,-33.300674,59.24594886698246,1,3.6499322275983657,23.607344733638936,0.17931120357995622,0.2662313161477044,0.3042310448273569,0.3490677948501313,167.23984525187973
24,milenkosKitchenNotNearDevicesWithTraffic1_004,Kitchen3,03575768cc23b2df,5,1000.0,1.605629775782,1.091274352067548,-1.8787999,0.87839997,1.4274,2.29664985,4.575,37.031025582000005,0.3670648381027833,35.7094,36.79215,37.027,37.2588,38.369,-74.75153415899999,0.665197515547617,-76.823395,-75.2252,-74.7494,-74.3346,-72.6876,83.4451586951811,0.5821743349356984,81.45115905596433,83.06357412665267,83.4278091401952,83.82874946157611,85.42021997770786,-15.227382,46.57547,-33.300674,59.24594886698246,1,3.656257932310053,23.600062078868838,0.1623830913452661,0.27590621554840267,0.3154236560377087,0.3635397841151766,167.19573759674896
25,milenkosKitchenNotNearDevicesWithTraffic1_005,Kitchen3,03575768cc23b2df,5,1000.0,1.64797597607,1.1678562930048828,-2.745,0.95159996,1.5616,2.379,5.002,37.004039214,0.4340930844331047,34.7822,36.79215,37.0392,37.271,38.1372,-74.925445214,1.1081124853173547,-81.4594,-75.2252,-74.785995,-74.35594999999999,-72.8584,83.5929246625567,0.9156016275099644,81.9003083093098,83.08027702780115,83.48069414928938,83.87384786405863,88.9264761944383,-15.227382,46.57547,-33.300674,59.24594886698246,1,3.818210465251875,23.711987086392092,0.2875579027266118,0.3425787071684584,0.4474639637820461,0.5094926189674202,168.12959754546566
26,milenkosKitchenNotNearDevicesWithTraffic1_006,Kitchen3,03575768cc23b2df,5,1000.0,1.789398372187,1.1716059986137113,-2.745,1.0735999,1.7202,2.45525,5.002,37.043018216,0.44239491448045504,34.7822,36.8196,37.075798,37.319798,38.1982,-74.889089241,1.0968222558772789,-81.4594,-75.17945,-74.7616,-74.322395,-72.468,83.58065013725196,0.898434078955755,81.6639640893926,83.08053476997529,83.4761065322483,83.85093032650417,88.9264761944383,-15.227382,46.57547,-33.300674,59.24594886698246,1,3.8066975489162513,23.713588317855706,0.24495112931735394,0.3530912000153302,0.4061197072858821,0.5307085068951184,168.1290256418549
27,milenkosKitchenNotNearDevicesWithTraffic1_007,Kitchen3,03575768cc23b2df,5,1000.0,1.9243303688229998,1.147773835742438,-4.7946,1.1834,1.7933999,2.5742,4.9288,37.102102838,0.38526720655718655,34.7212,36.8562,37.0940985,37.33505,38.1982,-74.659326663,0.7616099944085952,-82.8014,-75.081849,-74.6152,-74.2248,-72.468,83.4021359137976,0.641947639854048,81.54216245914012,83.01451496188577,83.38296193987478,83.74762845116031,89.91452474745111,-15.227382,46.57547,-33.300674,59.24594886698246,1,3.684986126363049,23.611849826658105,0.14540811486111263,0.2915186180279184,0.33965101014429483,0.39447587799379785,167.30550448224457
28,milenkosKitchenNotNearDevicesWithTraffic1_008,Kitchen3,03575768cc23b2df,5,1000.0,1.8275965719,1.1964590322313913,-4.7946,1.0735999,1.6836,2.55285,4.9044,37.042005634,0.38453549824595784,34.7212,36.8196,37.0392,37.271,38.2836,-74.664194494,0.7868982357501791,-82.8014,-75.0544,-74.6518,-74.2248,-72.0288,83.37835182901522,0.6629538819714604,81.08675644518037,82.99782393507621,83.33393631926555,83.71832389582767,89.91452474745111,-15.227382,46.57547,-33.300674,59.24594886698246,1,3.701044485577941,23.59962989225555,0.1781825414747365,0.31704229648521975,0.3464065310336395,0.40079743700883613,167.23721276192208
29,milenkosKitchenNotNearDevicesWithTraffic1_009,Kitchen3,03575768cc23b2df,5,1000.0,1.677109574518,1.1093241194263217,-2.745,0.96379995,1.525,2.3179998,4.7702,37.01337222400001,0.3716748607633465,35.3922,36.783,37.0148,37.2466,38.4544,-74.691571205,0.6894676249242755,-80.8006,-75.090996,-74.6884,-74.2614,-72.0288,83.38540650344471,0.5914598642552396,81.08675644518037,82.99813283297003,83.35493155139838,83.7214801048701,88.23040843268765,-15.227382,46.57547,-33.300674,59.24594886698246,1,3.66046327385023,23.57672857892294,0.2017729824225087,0.2842484785741391,0.3288512091901336,0.3661582029361129,167.0383304362046
30,milenkosKitchenNotNearDevicesWithTraffic_000,Kitchen3,03575768cc23b2df,5,1000.0,1.6846857754619997,1.3640923685756812,-9.308599,1.0126,1.6592,2.4339,5.0874,36.883076284000005,0.40978165536550454,34.818798,36.661,36.905,37.149,38.1494,-74.450133115,0.7899039055710878,-79.8368,-74.8958,-74.3956,-73.94115,-72.346,83.11567638202851,0.6756950897638094,81.47703765860918,82.66505403426606,83.07279993735675,83.49307508158647,87.46664566016007,-15.227382,46.57547,-33.300674,59.24594886698246,1,3.6922936848537256,23.550339204686903,0.19197868357076783,0.299591020430737,0.3546840904489893,0.4138711898320471,166.8866619313567
31,milenkosKitchenNotNearDevicesWithTraffic_001,Kitchen3,03575768cc23b2df,5,1000.0,1.752688570102,1.169669875729528,-3.9894,1.0491999,1.6958,2.44305,4.9165998,36.90216925000001,0.3945978977842215,35.062798,36.661,36.929398,37.1734,38.2104,-74.460698389,0.8012954343406672,-81.3862,-74.847,-74.3834,-73.9808,-72.3704,83.13206472954256,0.6794381348524966,81.47867159862413,82.71815251199527,83.07101097842975,83.49369189884273,88.65649678400518,-15.227382,46.57547,-33.300674,59.24594886698246,1,3.691832381505305,23.54890673154448,0.2247093052549904,0.2855550511002944,0.3339298251756595,0.4183252165567907,166.87557722267996
32,milenkosKitchenNotNearDevicesWithTraffic_002,Kitchen3,03575768cc23b2df,5,1000.0,1.770646971,1.1521921708394889,-3.9894,1.0735999,1.6958,2.46745,4.8434,36.994779404,0.39861144469834403,35.062798,36.7464,37.002598,37.234398,38.3934,-74.52294270700001,0.7988160158168804,-81.3862,-74.9202,-74.480995,-74.0662,-72.3704,83.22908940054747,0.6778207126812702,81.4410093063685,82.8232394141507,83.18490220708173,83.58970179009023,88.65649678400518,-15.227382,46.57547,-33.300674,59.24594886698246,1,3.6951067521178573,23.58394328472175,0.18701380801027243,0.2811485296881495,0.33316008888543824,0.4045928011583599,167.1215589837477
33,milenkosKitchenNotNearDevicesWithTraffic_003,Kitchen3,03575768cc23b2df,5,1000.0,1.664689973791,1.1042277541663146,-1.6226,0.8997499625,1.5006,2.379,4.6604,37.036979159,0.37789730546812794,35.6484,36.783,37.027,37.2588,38.3934,-74.627996943,0.6686112154422947,-76.677,-75.081849,-74.627396,-74.20955,-72.6876,83.33857163691093,0.580618112028426,81.4410093063685,82.9493557144829,83.32332191873516,83.70906756112689,85.13340865032015,-15.227382,46.57547,-33.300674,59.24594886698246,1,3.6499322275983657,23.607344733638936,0.17931120357995622,0.2662313161477044,0.3042310448273569,0.3490677948501313,167.23984525187973
34,milenkosKitchenNotNearDevicesWithTraffic_004,Kitchen3,03575768cc23b2df,5,1000.0,1.605629775782,1.091274352067548,-1.8787999,0.87839997,1.4274,2.29664985,4.575,37.031025582000005,0.3670648381027833,35.7094,36.79215,37.027,37.2588,38.369,-74.75153415899999,0.665197515547617,-76.823395,-75.2252,-74.7494,-74.3346,-72.6876,83.4451586951811,0.5821743349356984,81.45115905596433,83.06357412665267,83.4278091401952,83.82874946157611,85.42021997770786,-15.227382,46.57547,-33.300674,59.24594886698246,1,3.656257932310053,23.600062078868838,0.1623830913452661,0.27590621554840267,0.3154236560377087,0.3635397841151766,167.19573759674896
35,milenkosKitchenNotNearDevicesWithTraffic_005,Kitchen3,03575768cc23b2df,5,1000.0,1.64797597607,1.1678562930048828,-2.745,0.95159996,1.5616,2.379,5.002,37.004039214,0.4340930844331047,34.7822,36.79215,37.0392,37.271,38.1372,-74.925445214,1.1081124853173547,-81.4594,-75.2252,-74.785995,-74.35594999999999,-72.8584,83.5929246625567,0.9156016275099644,81.9003083093098,83.08027702780115,83.48069414928938,83.87384786405863,88.9264761944383,-15.227382,46.57547,-33.300674,59.24594886698246,1,3.818210465251875,23.711987086392092,0.2875579027266118,0.3425787071684584,0.4474639637820461,0.5094926189674202,168.12959754546566
36,milenkosKitchenNotNearDevicesWithTraffic_006,Kitchen3,03575768cc23b2df,5,1000.0,1.789398372187,1.1716059986137113,-2.745,1.0735999,1.7202,2.45525,5.002,37.043018216,0.44239491448045504,34.7822,36.8196,37.075798,37.319798,38.1982,-74.889089241,1.0968222558772789,-81.4594,-75.17945,-74.7616,-74.322395,-72.468,83.58065013725196,0.898434078955755,81.6639640893926,83.08053476997529,83.4761065322483,83.85093032650417,88.9264761944383,-15.227382,46.57547,-33.300674,59.24594886698246,1,3.8066975489162513,23.713588317855706,0.24495112931735394,0.3530912000153302,0.4061197072858821,0.5307085068951184,168.1290256418549
37,milenkosKitchenNotNearDevicesWithTraffic_007,Kitchen3,03575768cc23b2df,5,1000.0,1.9243303688229998,1.147773835742438,-4.7946,1.1834,1.7933999,2.5742,4.9288,37.102102838,0.38526720655718655,34.7212,36.8562,37.0940985,37.33505,38.1982,-74.659326663,0.7616099944085952,-82.8014,-75.081849,-74.6152,-74.2248,-72.468,83.4021359137976,0.641947639854048,81.54216245914012,83.01451496188577,83.38296193987478,83.74762845116031,89.91452474745111,-15.227382,46.57547,-33.300674,59.24594886698246,1,3.684986126363049,23.611849826658105,0.14540811486111263,0.2915186180279184,0.33965101014429483,0.39447587799379785,167.30550448224457
38,milenkosKitchenNotNearDevicesWithTraffic_008,Kitchen3,03575768cc23b2df,5,1000.0,1.8275965719,1.1964590322313913,-4.7946,1.0735999,1.6836,2.55285,4.9044,37.042005634,0.38453549824595784,34.7212,36.8196,37.0392,37.271,38.2836,-74.664194494,0.7868982357501791,-82.8014,-75.0544,-74.6518,-74.2248,-72.0288,83.37835182901522,0.6629538819714604,81.08675644518037,82.99782393507621,83.33393631926555,83.71832389582767,89.91452474745111,-15.227382,46.57547,-33.300674,59.24594886698246,1,3.701044485577941,23.59962989225555,0.1781825414747365,0.31704229648521975,0.3464065310336395,0.40079743700883613,167.23721276192208
39,milenkosKitchenNotNearDevicesWithTraffic_009,Kitchen3,03575768cc23b2df,5,1000.0,1.677109574518,1.1093241194263217,-2.745,0.96379995,1.525,2.3179998,4.7702,37.01337222400001,0.3716748607633465,35.3922,36.783,37.0148,37.2466,38.4544,-74.691571205,0.6894676249242755,-80.8006,-75.090996,-74.6884,-74.2614,-72.0288,83.38540650344471,0.5914598642552396,81.08675644518037,82.99813283297003,83.35493155139838,83.7214801048701,88.23040843268765,-15.227382,46.57547,-33.300674,59.24594886698246,1,3.66046327385023,23.57672857892294,0.2017729824225087,0.2842484785741391,0.3288512091901336,0.3661582029361129,167.0383304362046
40,milenkosRoomNearDevicesWithTraffic1_000,DormRoom4,03575768cc23b2df,5,1000.0,18.054121006499997,1.3095071753252243,10.6384,17.33314925,18.0804,18.9222,20.984,51.517781199,0.4848721797751744,49.3124,51.2644,51.545,51.8256,52.9846,-76.77175655,1.168347034056901,-84.485,-77.0674,-76.616,-76.176796,-74.237,94.21594772343308,0.7765927823520308,92.54949752127236,93.76349486549971,94.14165779193088,94.48415866376615,99.37586589011846,-19.871798,47.590263,-31.83421,60.60642222146159,1,4.173907713787425,26.68024518165231,0.21553429391353238,0.31848591606435106,0.3843239187433456,0.437633491906985,189.05612708767237
41,milenkosRoomNearDevicesWithTraffic1_001,DormRoom4,03575768cc23b2df,5,1000.0,17.788636791000002,1.526841214757485,11.285,17.0922,17.8913,18.7514,21.105999,51.372613444,0.557575236394583,48.6414,51.1424,51.4596,51.715797,52.6186,-76.870283762,1.5824709444960763,-84.5094,-77.043,-76.5489,-76.042595,-74.237,94.17420707392142,0.9911827387155636,92.32805483643635,93.61023580499716,94.02122940161854,94.39308725683522,99.37586589011846,-19.871798,47.590263,-31.83421,60.60642222146159,1,4.2640852120155195,26.81077174581259,0.22768118108378213,0.3764726167193231,0.42992885691942784,0.5428520508313985,190.04906634599723
42,milenkosRoomNearDevicesWithTraffic1_002,DormRoom4,03575768cc23b2df,5,1000.0,17.9021456015,1.4389825290749656,11.285,17.18674975,17.9462,18.8002,21.289,51.375455974000005,0.5018182387829785,48.6414,51.1302,51.423,51.6914,52.4722,-76.533917479,1.3235712516533058,-84.5094,-76.811195,-76.347595,-75.8474,-74.2004,93.91879892363211,0.8336551254366685,92.02583163699202,93.4473856558728,93.80837852934118,94.20035290867507,98.92709863126483,-19.871798,47.590263,-31.83421,60.60642222146159,1,4.181262111656872,26.75551660986472,0.23479763134312354,0.3202929732118521,0.38807657044166216,0.4534139227672833,189.58532853209852
43,milenkosRoomNearDevicesWithTraffic1_003,DormRoom4,03575768cc23b2df,5,1000.0,18.19367683,1.1302628652308455,14.7254,17.3972,18.117,18.9466,21.813599,51.42171827600001,0.39356314761644456,49.715,51.1546,51.4352,51.6792,52.6186,-76.220841073,0.7047028878633582,-81.312996,-76.677,-76.2256,-75.77114999999999,-74.2004,93.73614213257315,0.5316059601320411,92.02583163699202,93.37663015278255,93.71124435820718,94.0512668566376,96.60123961174835,-19.871798,47.590263,-31.83421,60.60642222146159,1,4.040566076441583,26.526498648029776,0.19545254579981355,0.24769830430483905,0.2841922611525788,0.32520141548280757,187.85941691756415
44,milenkosRoomNearDevicesWithTraffic1_004,DormRoom4,03575768cc23b2df,5,1000.0,18.15762582,1.2275145314303941,11.9438,17.394150000000003,18.1048,18.93745,21.813599,51.410006329000005,0.4206126926144774,49.715,51.1424,51.423,51.6792,52.642998,-76.189011327,0.7689842435770241,-81.8254,-76.616,-76.1646,-75.713196,-74.0784,93.69857052410264,0.5518406525062952,92.10914357217746,93.32977883833028,93.66588860442387,94.00667749001016,96.84978279583285,-19.871798,47.590263,-31.83421,60.60642222146159,1,4.055991279181032,26.505072149055867,0.20953771572481045,0.27223421288503535,0.3099006832165133,0.340584698043663,187.72640563253017
45,milenkosRoomNearDevicesWithTraffic1_005,DormRoom4,03575768cc23b2df,5,1000.0,18.164591995,1.2218519791942006,11.9438,17.4216,18.0926,18.87645,21.618399,51.40771277700001,0.41805987861717414,49.715,51.1424,51.410797,51.6792,52.642998,-76.16763692700002,0.7371396213886463,-81.8254,-76.5672,-76.17069799999999,-75.725395,-73.9686,93.68096575654461,0.5477822638722388,91.59094809357526,93.31421699193677,93.68472887463892,94.01508332639258,96.84978279583285,-19.871798,47.590263,-31.83421,60.60642222146159,1,4.053366969484912,26.50786240011248,0.1991708780287012,0.2605337086613246,0.31242959959000777,0.33858586629740944,187.74310248346663
46,milenkosRoomNearDevicesWithTraffic1_006,DormRoom4,03575768cc23b2df,5,1000.0,18.203412397,1.1166479141664707,14.505799,17.4582,18.0804,18.85204925,21.423199,51.420852196000006,0.39535138269505293,50.1176,51.166798,51.410797,51.667,52.642998,-76.232797093,0.6112833364706919,-77.958,-76.616,-76.25,-75.8596,-73.9686,93.7466551516552,0.4976015368016961,91.59094809357526,93.42664064937603,93.74690001842767,94.06811859152874,95.83170978731414,-19.871798,47.590263,-31.83421,60.60642222146159,1,4.025735512478359,26.54001519362152,0.16890508485264277,0.24007016206254436,0.26945007293347134,0.3136303945475253,187.9383280127548
47,milenkosRoomNearDevicesWithTraffic1_007,DormRoom4,03575768cc23b2df,5,1000.0,18.263046002499998,1.142248927687906,14.505799,17.4826,18.1658,19.007599,21.5574,51.45146196,0.39437173927512736,50.1176,51.2034,51.4474,51.715797,52.642998,-76.368900297,0.6244390143911529,-78.1776,-76.798996,-76.3842,-75.9328,-74.603,93.8861308426884,0.4936946286265587,92.3031626129896,93.55558936803284,93.86194141174803,94.21192548232597,95.83170978731414,-19.871798,47.590263,-31.83421,60.60642222146159,1,4.027696244283599,26.562618330624794,0.1617216759012721,0.24015152293175787,0.27274430866335825,0.30125262790911994,188.09693104925157
48,milenkosRoomNearDevicesWithTraffic1_008,DormRoom4,03575768cc23b2df,5,1000.0,18.2353764065,1.300425931586756,12.151199,17.4948,18.1658,19.04724925,21.7038,51.432527572,0.4696025454693191,48.8976,51.1912,51.4596,51.728,52.7406,-76.50268546499998,1.0436302242235913,-83.6066,-76.86,-76.4208,-75.9694,-74.468796,93.984255241315,0.6728635594923911,92.56262992869424,93.59027206165199,93.92701085381742,94.27311393696698,98.19440372658315,-19.871798,47.590263,-31.83421,60.60642222146159,1,4.108191341576745,26.69521224466737,0.2123489819873705,0.2667169717285592,0.305796107548546,0.35298185407842186,189.09442139298753
49,milenkosRoomNearDevicesWithTraffic1_009,DormRoom4,03575768cc23b2df,5,1000.0,18.134811816000003,1.2583779808078126,12.151199,17.446,18.0682,18.8978,21.7404,51.419314979,0.47901191131344584,48.8976,51.179,51.4596,51.6914,52.7406,-76.53733346,1.0476131493727388,-83.6066,-76.8478,-76.433,-76.027346,-74.3956,93.98517339741035,0.6899083377088329,92.56516669546919,93.56156548062567,93.93483300867345,94.26016910226835,98.19440372658315,-19.871798,47.590263,-31.83421,60.60642222146159,1,4.121927516302164,26.689143904938113,0.21210972784770668,0.30071313450306003,0.32380212517305307,0.35205711748874524,189.0659707933873
50,milenkosRoomNearDevicesWithTraffic_000,DormRoom4,03575768cc23b2df,5,1000.0,18.221687979000002,1.2571584622789582,9.076799,17.503950000000003,18.1658,19.071649999999998,21.691599,51.590456558999996,0.4322924887190143,49.3612,51.325397,51.606,51.874397,52.8626,-76.191963777,0.8227642086432102,-82.0206,-76.6282,-76.1646,-75.68575,-74.0662,93.81327915875087,0.5755611102381324,91.84245387129636,93.43583264804519,93.78943660592839,94.14963263469065,97.29351227702698,-19.871798,47.590263,-31.83421,60.60642222146159,1,4.065582878928305,26.55111644982462,0.21499339051091207,0.2705961008216962,0.3000424648672989,0.35517301850719807,188.05507390211756
51,milenkosRoomNearDevicesWithTraffic_001,DormRoom4,03575768cc23b2df,5,1000.0,18.241574,1.194406113541397,11.8096,17.531399,18.239,19.0564,21.4354,51.573962182,0.4281142707064799,49.1782,51.3101485,51.5938,51.862198,52.8382,-76.227136327,0.8378060837755832,-82.96,-76.640396,-76.188995,-75.7376,-74.2614,93.83586907116467,0.5868772163123709,92.20639742534136,93.44627669448863,93.80013375395222,94.163767440776,97.45280886008366,-19.871798,47.590263,-31.83421,60.60642222146159,1,4.074716751515258,26.579683180336175,0.1919644066700989,0.2725052262560248,0.30977660866942563,0.3511147663894404,188.26200566364537
52,milenkosRoomNearDevicesWithTraffic_002,DormRoom4,03575768cc23b2df,5,1000.0,18.231545618,1.1830346154672624,11.8096,17.507,18.2146,19.02285,21.7526,51.569008949,0.41682603930680046,49.1782,51.313198,51.5816,51.85,52.642998,-76.283305113,0.8233501632067335,-82.96,-76.7136,-76.2378,-75.7986,-74.2248,93.87654593707133,0.5813850868549393,92.20639742534136,93.51623835552053,93.87486546295614,94.20295925407632,97.45280886008366,-19.871798,47.590263,-31.83421,60.60642222146159,1,4.072417296790149,26.58336895720952,0.18422789200464662,0.2654396113086023,0.3094994599212735,0.35854373708729675,188.28517806638052
53,milenkosRoomNearDevicesWithTraffic_003,DormRoom4,03575768cc23b2df,5,1000.0,18.291349995,1.1609921842427613,12.4318,17.56494925,18.2146,19.0564,21.7526,51.59170098399999,0.3983614186936746,49.775997,51.3376,51.5938,51.8530495,53.0822,-76.374036468,0.7342195856286152,-82.728195,-76.7868,-76.347595,-75.8962,-74.2248,93.97350903005115,0.5422762381718671,92.43083931589067,93.61522441664751,93.96707707205076,94.32029132964567,97.39548180566707,-19.871798,47.590263,-31.83421,60.60642222146159,1,4.057853214508969,26.60556923240222,0.1693705274390163,0.24876612782972776,0.2980958648947801,0.3294073213207265,188.4245527518695
54,milenkosRoomNearDevicesWithTraffic_004,DormRoom4,03575768cc23b2df,5,1000.0,18.268694588499997,1.209284219006336,11.858399,17.531399,18.239,19.0198,21.594,51.570521794,0.4319908367245017,49.214798,51.301,51.5816,51.8378,53.0822,-76.480762029,0.8624230232193609,-83.045395,-76.8722,-76.4452,-75.9816,-74.2492,94.04566583202586,0.6118482634794438,92.49369635429217,93.64772699910054,94.0171904968964,94.37118886787493,97.82545437070878,-19.871798,47.590263,-31.83421,60.60642222146159,1,4.0967292536186495,26.6225859457466,0.16563347032392634,0.27888561290665714,0.30404455917301454,0.38040480669791454,188.58089524393625
55,milenkosRoomNearDevicesWithTraffic_005,DormRoom4,03575768cc23b2df,5,1000.0,18.2431478075,1.2206534561787041,11.858399,17.5192,18.2756,18.98625,21.6428,51.554820369000005,0.4651267746582737,49.068398,51.301,51.5816,51.85,52.7406,-76.54343344299998,1.0840641239836453,-83.5456,-76.8844,-76.4208,-75.9694,-74.6884,94.08488901685233,0.7224820999699897,92.37333500338076,93.64433034933725,94.00444855452321,94.38192069879274,98.46441706972118,-19.871798,47.590263,-31.83421,60.60642222146159,1,4.153368868009558,26.660840624804216,0.18795939694446856,0.32857724333213484,0.3706101971962032,0.4279089539601838,188.9021259117966
56,milenkosRoomNearDevicesWithTraffic_006,DormRoom4,03575768cc23b2df,5,1000.0,18.249699198000002,1.2827667046026707,12.870999,17.507,18.2817,19.05945,21.6428,51.555942808000005,0.48981846201044016,49.068398,51.2888,51.5938,51.862198,52.6918,-76.622599319,1.2713237032406686,-83.5456,-76.88745,-76.433,-75.9694,-74.6762,94.15354923478422,0.8351795515310841,92.34941803693188,93.67163292761556,94.03534850583614,94.4196966599349,98.69918578101039,-19.871798,47.590263,-31.83421,60.60642222146159,1,4.20585132286678,26.694941820629708,0.25172008863820866,0.353458868695123,0.40974596938028873,0.46805709386379435,189.19007776553715
57,milenkosRoomNearDevicesWithTraffic_007,DormRoom4,03575768cc23b2df,5,1000.0,18.305184789,1.1929030758729995,12.9564,17.567999,18.2756,19.0808,21.3744,51.572900811,0.4423503939602968,49.471,51.313198,51.5877,51.862198,52.6796,-76.45782606300001,1.0486440389269143,-83.350395,-76.7624,-76.3598,-75.883995,-74.603,94.03633360283534,0.7260659767616024,92.34941803693188,93.6192037823804,93.95229610996213,94.32264411140105,98.69918578101039,-19.871798,47.590263,-31.83421,60.60642222146159,1,4.143270351057185,26.65284992175404,0.206955311254553,0.2972766485457775,0.3520575403645799,0.42719211943581425,188.83574213454105
58,milenkosRoomNearDevicesWithTraffic_008,DormRoom4,03575768cc23b2df,5,1000.0,18.368771195500003,1.0955651162833369,15.3963995,17.6168,18.2573,19.1296,21.3744,51.59486079599999,0.40201309444824795,50.4226,51.325397,51.5816,51.862198,52.9358,-76.24741266,0.631223809785457,-78.385,-76.652596,-76.2744,-75.823,-74.3346,93.88615001166126,0.5089290337470365,92.1969514227016,93.56347622947278,93.87537103110392,94.203751383398,95.69439620897349,-19.871798,47.590263,-31.83421,60.60642222146159,1,4.03873458153911,26.550484818457022,0.19550127719326377,0.24836048903259228,0.28106684829870454,0.31055632471926675,188.0238967001135
59,milenkosRoomNearDevicesWithTraffic_009,DormRoom4,03575768cc23b2df,5,1000.0,18.3217890055,1.1740122985967272,12.7002,17.5558,18.2146,19.1174,21.5086,51.57902519,0.42489844480884903,49.995598,51.301,51.563299,51.8530495,52.9358,-76.274752884,0.708726819058473,-81.9718,-76.69225,-76.311,-75.8474,-74.3346,93.89191984948272,0.537094972743396,92.1969514227016,93.54826384775501,93.88047113403903,94.22009401592894,97.19771391941273,-19.871798,47.590263,-31.83421,60.60642222146159,1,4.052756342652483,26.564987340890813,0.2007235199711798,0.2554139344559663,0.28813230395829237,0.32674695834794987,188.13824500104954
60,milenkoParkWithTraffic1_000,Park,03575768cc23b2df,6,1000.0,-34.647292104,3.3034102395706118,-54.4242,-35.492850000000004,-33.5317,-32.7326,-25.973799,58.53736828900001,0.8741605607444383,53.07,58.254997,58.633198,58.977850000000004,66.917,-77.34020327100001,2.4637981237412516,-89.792,-77.8116,-76.7502,-76.030396,-61.7808,103.05095794662172,2.607963998152778,94.70686549629019,101.5925080055162,102.25886207062396,103.60021751010862,117.80570982465164,-17.414808,48.837105,-32.69565,61.29717686305291,1,5.01844230756512,30.09748951889265,0.31680295855971213,0.4978530711489945,0.603355104239906,0.8262625633756372,213.54720432677675
61,milenkoParkWithTraffic1_001,Park,03575768cc23b2df,6,1000.0,-33.074089895,0.8687108937223926,-37.0148,-33.58965,-33.001,-32.5252,-30.219398,58.722747295,0.42496812933507644,56.7422,58.4624,58.7308,58.987,60.878,-76.31881930499999,0.9502068903923838,-82.7526,-76.8478,-76.3842,-75.7986,-72.2484,101.82349541890208,0.794591674809741,98.77891059330427,101.40206305920863,101.83091816686789,102.26044355987133,106.97518922008413,-17.414808,48.837105,-32.69565,61.29717686305291,1,4.465536241415119,28.908723350972977,0.20531846349329008,0.29595124989463484,0.34084716723853603,0.4138213310778688,204.79068488038408
62,milenkoParkWithTraffic1_002,Park,03575768cc23b2df,6,1000.0,-33.140299271,0.9375435236302435,-38.5398,-33.60185,-33.0498,-32.5618,-30.6098,58.689917095000006,0.4061727781241412,56.7422,58.4258,58.6942,58.950397,60.267998,-76.375768987,0.9771566767400152,-83.1552,-76.87525000000001,-76.3964,-75.8352,-72.2484,101.86914950084473,0.8472255110370643,99.16246231170342,101.38982227587404,101.84423355575906,102.26585431152998,107.49352360472699,-17.414808,48.837105,-32.69565,61.29717686305291,1,4.496825115127557,28.930045547632417,0.18257408479443005,0.2827718245888555,0.36390544896900373,0.48935671830481425,204.9681496467999
63,milenkoParkWithTraffic1_003,Park,03575768cc23b2df,6,1000.0,-33.136797889,0.9119129899442151,-38.5398,-33.5866,-33.0742,-32.573997,-30.6098,58.671348693000006,0.38841947014408995,57.010597,58.413597,58.6698,58.916850000000004,60.1338,-76.422067989,0.8428020468507255,-83.1552,-76.8966,-76.46350000000001,-75.9206,-73.6026,101.8912984948807,0.7496252252839473,99.7828185059933,101.43506811429543,101.87852518638928,102.30292461457351,107.49352360472699,-17.414808,48.837105,-32.69565,61.29717686305291,1,4.4590958988377905,28.900119687440323,0.11460011560414698,0.2795624441526931,0.32502509052547823,0.4189404990658348,204.7239231844423
64,milenkoParkWithTraffic1_004,Park,03575768cc23b2df,6,1000.0,-33.115277086999996,0.7762146243732571,-36.3438,-33.611,-33.123,-32.6106,-30.1096,58.659868497999994,0.3748362376394303,57.4376,58.413597,58.6576,58.9016,60.3778,-76.335216156,0.7400227173711947,-79.763596,-76.86,-76.4208,-75.883995,-73.5904,101.81136087762178,0.6352388804055725,99.7828185059933,101.39745032273048,101.84743944230006,102.26363343010063,104.76529164950588,-17.414808,48.837105,-32.69565,61.29717686305291,1,4.399469091641408,28.81504470838431,0.17522315845395256,0.2637586136041161,0.3009058343014075,0.37108037548036255,204.0763147441799
65,milenkoParkWithTraffic1_005,Park,03575768cc23b2df,6,1000.0,-33.317748263999995,0.8878838207547298,-37.6736,-33.8062,-33.2816,-32.757,-29.438599,58.603992469000005,0.40030077641793266,56.7056,58.37395,58.6088,58.8406,60.3778,-76.38314994299999,0.8907518944999931,-83.4236,-76.86,-76.4086,-75.9328,-72.9438,101.88248449748573,0.7655664093971333,99.1564277728358,101.45496289623482,101.90459715221061,102.28389597168757,107.67693460198429,-17.414808,48.837105,-32.69565,61.29717686305291,1,4.463266043241768,28.881673607399843,0.21107515750153547,0.277497213052421,0.32603642114700454,0.44211260005785663,204.60022567031595
66,milenkoParkWithTraffic1_006,Park,03575768cc23b2df,6,1000.0,-33.362729677,0.8977686965727137,-37.6736,-33.8306,-33.3182,-32.805798,-29.438599,58.571040259,0.3890910749746989,56.5836,58.328197,58.5722,58.8162,59.9874,-76.445723759,0.8814399144746904,-83.4236,-76.86,-76.4208,-76.027346,-72.9438,101.92514310597791,0.7652061348699887,99.1564277728358,101.50523381014996,101.90338275109983,102.28831995374644,107.67693460198429,-17.414808,48.837105,-32.69565,61.29717686305291,1,4.46645199740243,28.88535785268317,0.20417372112758608,0.27685265698912787,0.33500026348402423,0.4513555088303425,204.62909098462896
67,milenkoParkWithTraffic1_007,Park,03575768cc23b2df,6,1000.0,-33.272754688,0.7898548816406167,-37.5028,-33.7574,-33.2389,-32.7814,-29.7192,58.60207711100001,0.3613380981928784,56.5836,58.36175,58.5966,58.8406,60.451,-76.42321470400002,0.7693460705087832,-82.1548,-76.86,-76.433,-75.9816,-71.8824,101.89543411847141,0.6733008908150606,98.51209915233764,101.49400876054796,101.88512395180126,102.27795546026061,106.57192388166781,-17.414808,48.837105,-32.69565,61.29717686305291,1,4.42674992824614,28.867789919842977,0.18579543560108783,0.2629650203534768,0.34012155149789103,0.4012667821311995,204.46913099762128
68,milenkoParkWithTraffic1_008,Park,03575768cc23b2df,6,1000.0,-33.293336086,0.7749890679264195,-36.7586,-33.78485,-33.269398,-32.805798,-29.7192,58.602113715,0.3624447731511964,56.7544,58.3648,58.5966,58.8406,60.451,-76.421701927,0.7556310194466979,-81.471596,-76.8844,-76.4452,-75.9694,-71.8824,101.90092000626785,0.659599516472974,98.51209915233764,101.49218749075162,101.88587486209103,102.29054137115759,106.06186108814045,-17.414808,48.837105,-32.69565,61.29717686305291,1,4.418429917354091,28.872836562767457,0.20357029440334634,0.2740412713906455,0.3163804296620793,0.3739182145378262,204.49596248519453
69,milenkoParkWithTraffic1_009,Park,03575768cc23b2df,6,1000.0,-33.259163883999996,0.7792202338414441,-37.21,-33.7452,-33.245,-32.7692,-29.7558,58.58960870200001,0.3676597314716513,56.7056,58.3526,58.559998,58.8162,60.024,-76.32611495799999,0.7777259701328852,-82.0084,-76.798996,-76.3964,-75.8596,-73.077995,101.81101933885971,0.6728424164578303,98.97439095574181,101.40993649167555,101.80713062829531,102.21024414804788,106.42127062725758,-17.414808,48.837105,-32.69565,61.29717686305291,1,4.41762141662582,28.854144144254054,0.20768647635727203,0.2605048078004946,0.2858946954907978,0.3803919558232123,204.36516560594129
70,milenkoParkWithTraffic1_010,Park,03575768cc23b2df,6,1000.0,-33.175337672000005,0.7642085895532958,-37.21,-33.6354,-33.1718,-32.6716,-29.7558,58.610299847,0.3750774899211907,56.7056,58.3526,58.5844,58.8406,60.024,-76.28304892599999,0.7361416244364141,-82.0084,-76.738,-76.347595,-75.871796,-73.077995,101.76313939679856,0.634846573224205,98.97439095574181,101.38212542636276,101.7817296157638,102.15921733787556,106.42127062725758,-17.414808,48.837105,-32.69565,61.29717686305291,1,4.394824924145724,28.833461479299874,0.19123884233507168,0.2448423173819378,0.27691335729006933,0.36621013622745335,204.19910533612457
71,milenkoParkWithTraffic_000,Park,03575768cc23b2df,6,1000.0,-34.647292104,3.3034102395706118,-54.4242,-35.492850000000004,-33.5317,-32.7326,-25.973799,58.53736828900001,0.8741605607444383,53.07,58.254997,58.633198,58.977850000000004,66.917,-77.34020327100001,2.4637981237412516,-89.792,-77.8116,-76.7502,-76.030396,-61.7808,103.05095794662172,2.607963998152778,94.70686549629019,101.5925080055162,102.25886207062396,103.60021751010862,117.80570982465164,-17.414808,48.837105,-32.69565,61.29717686305291,1,5.01844230756512,30.09748951889265,0.31680295855971213,0.4978530711489945,0.603355104239906,0.8262625633756372,213.54720432677675
72,milenkoParkWithTraffic_001,Park,03575768cc23b2df,6,1000.0,-33.074089895,0.8687108937223926,-37.0148,-33.58965,-33.001,-32.5252,-30.219398,58.722747295,0.42496812933507644,56.7422,58.4624,58.7308,58.987,60.878,-76.31881930499999,0.9502068903923838,-82.7526,-76.8478,-76.3842,-75.7986,-72.2484,101.82349541890208,0.794591674809741,98.77891059330427,101.40206305920863,101.83091816686789,102.26044355987133,106.97518922008413,-17.414808,48.837105,-32.69565,61.29717686305291,1,4.465536241415119,28.908723350972977,0.20531846349329008,0.29595124989463484,0.34084716723853603,0.4138213310778688,204.79068488038408
73,milenkoParkWithTraffic_002,Park,03575768cc23b2df,6,1000.0,-33.140299271,0.9375435236302435,-38.5398,-33.60185,-33.0498,-32.5618,-30.6098,58.689917095000006,0.4061727781241412,56.7422,58.4258,58.6942,58.950397,60.267998,-76.375768987,0.9771566767400152,-83.1552,-76.87525000000001,-76.3964,-75.8352,-72.2484,101.86914950084473,0.8472255110370643,99.16246231170342,101.38982227587404,101.84423355575906,102.26585431152998,107.49352360472699,-17.414808,48.837105,-32.69565,61.29717686305291,1,4.496825115127557,28.930045547632417,0.18257408479443005,0.2827718245888555,0.36390544896900373,0.48935671830481425,204.9681496467999
74,milenkoParkWithTraffic_003,Park,03575768cc23b2df,6,1000.0,-33.136797889,0.9119129899442151,-38.5398,-33.5866,-33.0742,-32.573997,-30.6098,58.671348693000006,0.38841947014408995,57.010597,58.413597,58.6698,58.916850000000004,60.1338,-76.422067989,0.8428020468507255,-83.1552,-76.8966,-76.46350000000001,-75.9206,-73.6026,101.8912984948807,0.7496252252839473,99.7828185059933,101.43506811429543,101.87852518638928,102.30292461457351,107.49352360472699,-17.414808,48.837105,-32.69565,61.29717686305291,1,4.4590958988377905,28.900119687440323,0.11460011560414698,0.2795624441526931,0.32502509052547823,0.4189404990658348,204.7239231844423
75,milenkoParkWithTraffic_004,Park,03575768cc23b2df,6,1000.0,-33.115277086999996,0.7762146243732571,-36.3438,-33.611,-33.123,-32.6106,-30.1096,58.659868497999994,0.3748362376394303,57.4376,58.413597,58.6576,58.9016,60.3778,-76.335216156,0.7400227173711947,-79.763596,-76.86,-76.4208,-75.883995,-73.5904,101.81136087762178,0.6352388804055725,99.7828185059933,101.39745032273048,101.84743944230006,102.26363343010063,104.76529164950588,-17.414808,48.837105,-32.69565,61.29717686305291,1,4.399469091641408,28.81504470838431,0.17522315845395256,0.2637586136041161,0.3009058343014075,0.37108037548036255,204.0763147441799
76,milenkoParkWithTraffic_005,Park,03575768cc23b2df,6,1000.0,-33.317748263999995,0.8878838207547298,-37.6736,-33.8062,-33.2816,-32.757,-29.438599,58.603992469000005,0.40030077641793266,56.7056,58.37395,58.6088,58.8406,60.3778,-76.38314994299999,0.8907518944999931,-83.4236,-76.86,-76.4086,-75.9328,-72.9438,101.88248449748573,0.7655664093971333,99.1564277728358,101.45496289623482,101.90459715221061,102.28389597168757,107.67693460198429,-17.414808,48.837105,-32.69565,61.29717686305291,1,4.463266043241768,28.881673607399843,0.21107515750153547,0.277497213052421,0.32603642114700454,0.44211260005785663,204.60022567031595
77,milenkoParkWithTraffic_006,Park,03575768cc23b2df,6,1000.0,-33.362729677,0.8977686965727137,-37.6736,-33.8306,-33.3182,-32.805798,-29.438599,58.571040259,0.3890910749746989,56.5836,58.328197,58.5722,58.8162,59.9874,-76.445723759,0.8814399144746904,-83.4236,-76.86,-76.4208,-76.027346,-72.9438,101.92514310597791,0.7652061348699887,99.1564277728358,101.50523381014996,101.90338275109983,102.28831995374644,107.67693460198429,-17.414808,48.837105,-32.69565,61.29717686305291,1,4.46645199740243,28.88535785268317,0.20417372112758608,0.27685265698912787,0.33500026348402423,0.4513555088303425,204.62909098462896
78,milenkoParkWithTraffic_007,Park,03575768cc23b2df,6,1000.0,-33.272754688,0.7898548816406167,-37.5028,-33.7574,-33.2389,-32.7814,-29.7192,58.60207711100001,0.3613380981928784,56.5836,58.36175,58.5966,58.8406,60.451,-76.42321470400002,0.7693460705087832,-82.1548,-76.86,-76.433,-75.9816,-71.8824,101.89543411847141,0.6733008908150606,98.51209915233764,101.49400876054796,101.88512395180126,102.27795546026061,106.57192388166781,-17.414808,48.837105,-32.69565,61.29717686305291,1,4.42674992824614,28.867789919842977,0.18579543560108783,0.2629650203534768,0.34012155149789103,0.4012667821311995,204.46913099762128
79,milenkoParkWithTraffic_008,Park,03575768cc23b2df,6,1000.0,-33.293336086,0.7749890679264195,-36.7586,-33.78485,-33.269398,-32.805798,-29.7192,58.602113715,0.3624447731511964,56.7544,58.3648,58.5966,58.8406,60.451,-76.421701927,0.7556310194466979,-81.471596,-76.8844,-76.4452,-75.9694,-71.8824,101.90092000626785,0.659599516472974,98.51209915233764,101.49218749075162,101.88587486209103,102.29054137115759,106.06186108814045,-17.414808,48.837105,-32.69565,61.29717686305291,1,4.418429917354091,28.872836562767457,0.20357029440334634,0.2740412713906455,0.3163804296620793,0.3739182145378262,204.49596248519453
80,milenkoParkWithTraffic_009,Park,03575768cc23b2df,6,1000.0,-33.259163883999996,0.7792202338414441,-37.21,-33.7452,-33.245,-32.7692,-29.7558,58.58960870200001,0.3676597314716513,56.7056,58.3526,58.559998,58.8162,60.024,-76.32611495799999,0.7777259701328852,-82.0084,-76.798996,-76.3964,-75.8596,-73.077995,101.81101933885971,0.6728424164578303,98.97439095574181,101.40993649167555,101.80713062829531,102.21024414804788,106.42127062725758,-17.414808,48.837105,-32.69565,61.29717686305291,1,4.41762141662582,28.854144144254054,0.20768647635727203,0.2605048078004946,0.2858946954907978,0.3803919558232123,204.36516560594129
81,milenkoParkWithTraffic_010,Park,03575768cc23b2df,6,1000.0,-33.175337672000005,0.7642085895532958,-37.21,-33.6354,-33.1718,-32.6716,-29.7558,58.610299847,0.3750774899211907,56.7056,58.3526,58.5844,58.8406,60.024,-76.28304892599999,0.7361416244364141,-82.0084,-76.738,-76.347595,-75.871796,-73.077995,101.76313939679856,0.634846573224205,98.97439095574181,101.38212542636276,101.7817296157638,102.15921733787556,106.42127062725758,-17.414808,48.837105,-32.69565,61.29717686305291,1,4.394824924145724,28.833461479299874,0.19123884233507168,0.2448423173819378,0.27691335729006933,0.36621013622745335,204.19910533612457
82,milenkosKitchenNotNearDevicesWithTraffic1_000,Kitchen3,03575768cc23b2df,6,1000.0,2.638896564116,2.3933053114440064,-9.991799,1.6592,2.806,4.1967998,9.028,37.102468804,0.7890871868817739,34.196598,36.6732,37.0514,37.53025,43.4076,-74.62006693800001,1.9661660000704813,-86.0344,-75.090996,-74.2553,-73.541595,-59.1212,83.42270705634841,1.6037571361033256,72.56844380775985,82.51515589590662,83.07140762870853,83.75832226345038,93.42256326198721,-15.227382,46.57547,-33.300674,59.24594886698246,1,4.067983878855583,24.046551925181145,0.26425743493079035,0.5173733869727862,0.6238523219166546,0.7415566871656994,170.69441300325127
83,milenkosKitchenNotNearDevicesWithTraffic1_001,Kitchen3,03575768cc23b2df,6,1000.0,3.207794759096,2.7155327853000113,-10.9312,2.35155,3.965,4.88305,9.028,37.3482256,0.7895033732842198,34.2332,36.97515,37.3808,37.82,43.4076,-74.575061134,2.1536591814133064,-87.9864,-75.0666,-74.0662,-73.3464,-59.1212,83.52419543028114,1.7188438106658908,72.56844380775985,82.55636717132514,83.0897388353672,83.89473438512472,95.33013564216931,-15.227382,46.57547,-33.300674,59.24594886698246,1,4.137191755774125,24.04945273728808,0.43095213350185346,0.5568418770202124,0.6522677129835077,0.7770417219114676,170.77626564019147
84,milenkosKitchenNotNearDevicesWithTraffic1_002,Kitchen3,03575768cc23b2df,6,1000.0,4.32172794724,1.9386203895858252,-10.9312,3.8795998,4.7214,5.3436,7.503,37.423694816,0.49200317786068687,34.7944,37.1734,37.4418,37.7224,39.344997,-73.85894564799999,1.2823392698628082,-87.9864,-74.301049,-73.7368,-73.2,-69.357,82.93949983006401,1.0166539845211553,79.75936587489346,82.41238636729152,82.82694783336825,83.2742511318184,95.33013564216931,-15.227382,46.57547,-33.300674,59.24594886698246,1,3.8164524734980056,23.65223621146056,0.23933730075778648,0.36575275965854964,0.4339555491984606,0.497081687184208,167.7103299348099
85,milenkosKitchenNotNearDevicesWithTraffic1_003,Kitchen3,03575768cc23b2df,6,1000.0,5.14344674044,0.856304045126136,-0.93939996,4.7702,5.21549985,5.673,7.0759997,37.533299606,0.3635156759643004,35.5752,37.3076,37.5272,37.76205,38.7472,-73.490139701,0.7869386616249204,-80.6542,-73.932,-73.4928,-73.0536,-70.3574,82.68679203967065,0.6182632485540245,80.30796762304973,82.29426986512419,82.6715237070807,83.05342876616366,88.17408945603012,-15.227382,46.57547,-33.300674,59.24594886698246,1,3.6408028309921847,23.41541261019912,0.17824948817120523,0.28379029954501567,0.3085567114299461,0.3603374872615962,165.9003589602763
86,milenkosKitchenNotNearDevicesWithTraffic1_004,Kitchen3,03575768cc23b2df,6,1000.0,5.3312169424,0.7093927839512704,0.7076,4.9653997,5.3802,5.7706,7.2834,37.603034782,0.34975020438103943,35.624,37.392998,37.624798,37.82,38.7472,-73.42172203999999,0.7557171217230977,-80.6542,-73.8222,-73.4318,-73.017,-70.9796,82.66793286198421,0.6067006330495348,80.54266385587206,82.2952580035571,82.65734137118588,83.01703423283617,88.17408945603012,-15.227382,46.57547,-33.300674,59.24594886698246,1,3.637592568613681,23.393455112177712,0.2165825350213413,0.269699863858473,0.3205554301823049,0.3618730313578482,165.74504726677475
87,milenkosKitchenNotNearDevicesWithTraffic1_005,Kitchen3,03575768cc23b2df,6,1000.0,5.4215823384,0.7295026355539277,1.3786,5.0629997,5.4778,5.856,8.552199,37.666791958000005,0.3655956358175448,35.7094,37.454,37.6736,37.8932,39.344997,-73.43177479699999,0.7919739756334396,-79.7026,-73.8344,-73.4318,-73.017,-70.8454,82.71215495209111,0.6307982003115767,80.54266385587206,82.3517820981152,82.70000709697672,83.04344596969469,87.67577851051499,-15.227382,46.57547,-33.300674,59.24594886698246,1,3.6585465856209343,23.40399068013274,0.22331421883957106,0.30079566248922024,0.33499612431492953,0.3798330168442688,165.8388382335205
88,milenkosKitchenNotNearDevicesWithTraffic1_006,Kitchen3,03575768cc23b2df,6,1000.0,5.471590136500001,0.8942520545483332,1.3542,5.1117997,5.5632,5.9902,8.588799,37.678003769,0.45449843597207495,35.6972,37.466198,37.710197,37.9542,39.344997,-73.507622069,1.2796437940059784,-80.397995,-73.871,-73.4074,-72.9804,-69.0886,82.79252829563498,0.990003768981939,79.66465418066917,82.35867415520164,82.72064461405894,83.06361264061,88.0696009923562,-15.227382,46.57547,-33.300674,59.24594886698246,1,3.804506781239894,23.5118360322697,0.22931053214043412,0.35804384586017624,0.4192139700987831,0.528987824432699,166.72691351865396
89,milenkosKitchenNotNearDevicesWithTraffic1_007,Kitchen3,03575768cc23b2df,6,1000.0,5.522854538600001,0.9069146075889936,1.3542,5.1972,5.6486,6.0634,8.588799,37.685885004,0.4545591553116858,35.6972,37.4784,37.7224,37.9664,39.1132,-73.473486443,1.3477676792695779,-80.397995,-73.82525,-73.37689800000001,-72.919395,-68.4298,82.7698074599386,1.0410898348637492,78.66503046758783,82.32272579053841,82.698350883491,83.04470749984853,88.0696009923562,-15.227382,46.57547,-33.300674,59.24594886698246,1,3.8461300425190847,23.492929026090838,0.2694222612609214,0.4102561851152633,0.46587288349063005,0.5928965661492968,166.63839439413462
90,milenkosKitchenNotNearDevicesWithTraffic1_008,Kitchen3,03575768cc23b2df,6,1000.0,5.5676651347999995,0.9678509569757918,-2.4644,5.2581997,5.6974,6.0634,9.516,37.725132386999995,0.39518339295555277,35.7094,37.515,37.7346,37.9542,39.7964,-73.403202314,0.9463439004388717,-79.751396,-73.7856,-73.382996,-72.931595,-68.4298,82.72641687018555,0.7359318791058693,78.66503046758783,82.34503580216621,82.71184682389628,83.05474393586788,87.75613749522023,-15.227382,46.57547,-33.300674,59.24594886698246,1,3.710630925817976,23.454140496056482,0.2688652130398086,0.3280025691163534,0.36916901138320934,0.42097766473766696,166.2374305330412
91,milenkosKitchenNotNearDevicesWithTraffic1_009,Kitchen3,03575768cc23b2df,6,1000.0,5.6180877345999995,1.0200596977566199,-2.4644,5.3436,5.7584,6.1366,9.516,37.750349774,0.3782892464009878,35.8192,37.551598,37.759,37.9786,39.7964,-73.431616121,0.8224706924079751,-77.579796,-73.81,-73.4074,-72.9804,-69.3082,82.76655619797782,0.6402120676796085,80.48561546139781,82.39579372189496,82.75470350562574,83.08805298298975,86.09115732142307,-15.227382,46.57547,-33.300674,59.24594886698246,1,3.648515952186935,23.464949441552427,0.1717395768580694,0.2557597843688896,0.3064896265632544,0.3553716024916723,166.25018631632346
92,milenkosKitchenNotNearDevicesWithTraffic1_010,Kitchen3,03575768cc23b2df,6,1000.0,5.294372939725999,1.4207470264372142,-3.4648,5.0508,5.6363997,6.0755997,7.442,37.71506738,0.4202867930874214,35.6118,37.515,37.7468,37.9786,39.0766,-73.7235378,1.2873309974328093,-80.9104,-73.9808,-73.4928,-73.0536,-71.199196,82.9960405015121,1.06001630701277,80.7825088695631,82.43398060273924,82.8177905678678,83.22977454409943,89.26077010995601,-15.227382,46.57547,-33.300674,59.24594886698246,1,3.7874021762331704,23.82995255286261,0.20596940097879812,0.30511761728910786,0.3783411653624701,0.5195183440034873,168.91580537965223
93,milenkosKitchenNotNearDevicesWithTraffic_000,Kitchen3,03575768cc23b2df,6,1000.0,2.245300176461,3.118304587349394,-18.226799,0.95159996,3.2879,4.443849775,6.5513997,36.481098368,0.7248283902356348,31.2808,36.148598,36.5817,36.9324485,39.881798,-74.62506893599999,2.179110861009686,-86.8152,-75.66745,-74.115,-73.139,-70.284195,83.16590385766395,1.7975587867315004,79.04743438087048,82.00098247466329,82.73619727659937,83.86424267885653,94.06159472104649,-15.227382,46.57547,-33.300674,59.24594886698246,1,4.018473388863628,24.042749876013588,0.34765585379556024,0.44950742611893285,0.5365094158315533,0.6888762112198492,170.61388654245678
94,milenkosKitchenNotNearDevicesWithTraffic_001,Kitchen3,03575768cc23b2df,6,1000.0,4.4436181478500005,1.2327397861410203,-6.4294,3.9528,4.6482,5.1605997,6.6489997,36.82441863500001,0.4135426241730415,34.123398,36.6,36.8562,37.087997,38.2226,-73.23600135800001,1.0417171038175286,-80.1174,-73.7124,-73.20609999999999,-72.6266,-70.3818,82.10597549826335,0.8233917527481549,79.95573689120626,81.6274499734316,82.08779269888696,82.46747382864662,87.48351450905481,-15.227382,46.57547,-33.300674,59.24594886698246,1,3.7118170627513183,23.327300576579876,0.22912493594797542,0.3287056929864902,0.3792063442718792,0.46241078159542626,165.3582688162643
95,milenkosKitchenNotNearDevicesWithTraffic_002,Kitchen3,03575768cc23b2df,6,1000.0,4.90141094246,0.7930375678524544,-0.0976,4.4895997,4.9471,5.3557997,8.113,36.959899644000004,0.3849489027161311,35.258,36.74335,36.9538,37.21,39.0522,-72.94449459,0.9260572061039201,-79.446396,-73.4074,-72.9804,-72.4314,-68.9544,81.92719236087575,0.7252732670154547,79.15261936815484,81.4990323649547,81.94941605380724,82.28772300845316,86.96168277737371,-15.227382,46.57547,-33.300674,59.24594886698246,1,3.665484003666035,23.271265552682497,0.26974272208191313,0.31569382766656834,0.3748273919998515,0.411063411015321,164.9261843195821
96,milenkosKitchenNotNearDevicesWithTraffic_003,Kitchen3,03575768cc23b2df,6,1000.0,4.89749474326,0.8880069466976855,-0.0976,4.5018,4.9653997,5.4168,8.113,37.021814598,0.4339675362257987,35.0506,36.783,37.0514,37.2954,39.0522,-73.010801522,1.154567787101796,-79.5318,-73.4196,-72.9804,-72.42835,-68.9544,82.01631358247361,0.9000373360816717,79.15261936815484,81.52886190654367,81.96760551193852,82.34801118681325,87.28319199181479,-15.227382,46.57547,-33.300674,59.24594886698246,1,3.7385362277890923,23.346683761928688,0.25370237265343376,0.3557033631883912,0.4054439281374198,0.4747442657806679,165.52017984644394
97,milenkosKitchenNotNearDevicesWithTraffic_004,Kitchen3,03575768cc23b2df,6,1000.0,4.989775539099999,0.7886989251740948,0.0732,4.5871997,5.0508,5.4778,7.3932,37.082936613,0.4125083151285257,35.0506,36.8806,37.0940985,37.332,38.405598,-73.08780792799999,1.0520206538225492,-79.5318,-73.4806,-73.065796,-72.5534,-70.8088,82.11628146364419,0.826907163923731,80.13373699430228,81.67107926223986,82.0810795777273,82.44410086485306,87.28319199181479,-15.227382,46.57547,-33.300674,59.24594886698246,1,3.71887712241624,23.327121080742124,0.2309726439624072,0.3435654816949716,0.3981038650245361,0.46459494250538436,165.3650881286869
98,milenkosKitchenNotNearDevicesWithTraffic_005,Kitchen3,03575768cc23b2df,6,1000.0,5.1076885363,0.7342938625744847,0.2074,4.6848,5.1605997,5.551,7.3932,37.159979595,0.3804695384119129,34.7212,36.929398,37.161198,37.4052,38.4422,-73.06643359099999,0.8175275562373125,-79.1658,-73.529396,-73.0840975,-72.599147,-70.7234,82.13754258431861,0.6570821215570779,80.13373699430228,81.73842239048338,82.12159791826446,82.52172797183768,86.70345590768294,-15.227382,46.57547,-33.300674,59.24594886698246,1,3.6395306830928704,23.288723393566826,0.21385728615993105,0.29682506048802604,0.33411249066873505,0.37735638126352067,165.0211811463574
99,milenkosKitchenNotNearDevicesWithTraffic_006,Kitchen3,03575768cc23b2df,6,1000.0,4.275465547558,2.4909544669312216,-10.0162,4.2334,5.002,5.5144,6.9783998,36.980175978000005,0.7372805933040161,33.0132,36.8318,37.1246,37.392998,38.4422,-73.84757519899999,2.315914778386668,-85.668396,-73.91065,-73.2976,-72.72115,-70.7234,82.75303739323174,1.820793084965567,80.16470258230166,81.84112508536215,82.33834230378945,82.8683423603165,92.6175311170235,-15.227382,46.57547,-33.300674,59.24594886698246,1,3.9986392030983153,24.08288890168052,0.26264257688568654,0.39499447349526434,0.48333108424992266,0.5808884837510315,170.85609610134404
100,milenkosKitchenNotNearDevicesWithTraffic_007,Kitchen3,03575768cc23b2df,6,1000.0,4.166800152457999,2.494708700653512,-10.0162,4.0138,4.88,5.4412,7.8812,36.946235588,0.7404371871180276,33.0132,36.7952,37.087997,37.3564,38.405598,-73.884785162,2.3487194639059483,-85.668396,-74.00824575,-73.3708,-72.7364,-70.2476,82.76610978793536,1.8435044608054918,80.12560815269985,81.84697372792458,82.34106146840858,82.89498280571476,92.6175311170235,-15.227382,46.57547,-33.300674,59.24594886698246,1,4.013756627010273,24.063190236230664,0.2805886144419114,0.41638474375055634,0.4817587564704111,0.5990646646921667,170.73210133252718
101,milenkosKitchenNotNearDevicesWithTraffic_008,Kitchen3,03575768cc23b2df,6,1000.0,4.7324775462840005,1.3315212702102022,-2.2203999,4.4286,4.9898,5.49,7.8812,37.078349419000006,0.5131951290907928,34.5504,36.8562,37.1246,37.3808,38.405598,-73.386366341,1.516430424815827,-81.5326,-73.7368,-73.2,-72.64795,-70.2476,82.37549583752386,1.170343031501394,80.12560815269985,81.74258585084132,82.23461922913,82.66816256487542,88.88619683170025,-15.227382,46.57547,-33.300674,59.24594886698246,1,3.81967243305577,23.603753290540045,0.23532555878733707,0.3568855590517277,0.4123991516484007,0.4750672544697322,167.3722580905521
102,milenkosKitchenNotNearDevicesWithTraffic_009,Kitchen3,03575768cc23b2df,6,1000.0,4.672575548164001,1.2975497812376282,-2.2203999,4.3919997,4.9165998,5.4168,7.0271997,37.065710239,0.49432116506413704,34.5504,36.8531495,37.1246,37.3686,38.3812,-73.405056795,1.4903589262563177,-81.5326,-73.6636,-73.1878,-72.6998,-70.4428,82.38206724238253,1.1591163417694954,80.12595180489278,81.77558555868382,82.1953802298543,82.64662952072763,88.88619683170025,-15.227382,46.57547,-33.300674,59.24594886698246,1,3.820590295873079,23.603779218055973,0.21988536524389718,0.3482001232633383,0.42150910565314037,0.4959949800315112,167.37342132044955
103,milenkosRoomNearDevicesWithTraffic1_000,DormRoom4,03575768cc23b2df,6,1000.0,19.6554563949,2.9118780929159556,5.1605997,18.7392,20.3557,21.496399,26.1446,51.860747625,0.7841542955742583,47.9338,51.4596,51.9232,52.337997,54.509598,-76.17755555,2.2154423969115835,-86.803,-77.128395,-75.823,-74.81954999999999,-64.3184,94.29389322754918,1.243157353338287,86.31380671966681,93.56668149510922,94.14599410201646,94.69840216381456,99.91587726682882,-19.871798,47.590263,-31.83421,60.60642222146159,1,4.384110699677987,26.953018952398846,0.2433604056759194,0.46860149813022955,0.5500166115095956,0.6280428013826291,191.1543425529883
104,milenkosRoomNearDevicesWithTraffic1_001,DormRoom4,03575768cc23b2df,6,1000.0,21.3539159855,1.5381956474353213,5.9048,20.8132,21.5086,22.1552,26.1446,52.06380437700001,0.5462732234571421,48.617,51.788998,52.093998,52.399,54.3022,-75.321566992,1.2752266990485226,-86.803,-75.883995,-75.274,-74.6518,-71.2602,94.04082402388897,0.7604447329047104,91.31295850776054,93.5813348338065,94.04820973888113,94.42152455750526,99.91587726682882,-19.871798,47.590263,-31.83421,60.60642222146159,1,4.168120543591058,26.691788829966413,0.20197095274911028,0.32797805747990366,0.3870992142055659,0.45365288320637176,189.13165674407372
105,milenkosRoomNearDevicesWithTraffic1_002,DormRoom4,03575768cc23b2df,6,1000.0,21.675812981000004,0.967481394058388,16.104,21.1548,21.7526,22.3016,24.2536,52.091937569,0.4235976578661603,49.690598,51.8378,52.106197,52.3624,53.2408,-75.477909984,0.8965584426429428,-83.692,-75.9084,-75.4448,-75.0422,-72.6388,94.24382509353455,0.5872420434374572,92.62077461495355,93.88956394183633,94.22725420264382,94.54625902986447,98.87094370825031,-19.871798,47.590263,-31.83421,60.60642222146159,1,4.087891674335404,26.692828518403456,0.20265226156490956,0.2609702062839817,0.28985916653022237,0.36817208418234343,189.0590921051081
106,milenkosRoomNearDevicesWithTraffic1_003,DormRoom4,03575768cc23b2df,6,1000.0,21.770728981,0.9459661612418995,16.104,21.301199,21.850199,22.3748,24.827,52.189452209,0.4367929286559282,50.1176,51.911,52.1916,52.46,54.3266,-75.25397898099999,1.0102102655747593,-83.692,-75.77725,-75.2984,-74.7372,-68.1736,94.14109774408915,0.6504706134005825,89.0732257448129,93.79090970714302,94.16317234505811,94.4876928963682,98.87094370825031,-19.871798,47.590263,-31.83421,60.60642222146159,1,4.103852359111589,26.7012120517481,0.1977167773373031,0.2711979148400348,0.30420264560196253,0.38741755104448433,189.1330877552306
107,milenkosRoomNearDevicesWithTraffic1_004,DormRoom4,03575768cc23b2df,6,1000.0,21.901549571000004,0.8270548218992327,16.7994,21.3988,21.923399,22.4236,25.229599,52.257882026,0.4220008334135998,50.447,51.9842,52.277,52.521,54.3266,-75.08276414,0.8885110363923745,-81.642395,-75.6034,-75.1642,-74.59994999999999,-68.1736,94.07061280379514,0.5963601331512988,89.0732257448129,93.7394296608193,94.09087955159356,94.4431357471998,97.42997644819599,-19.871798,47.590263,-31.83421,60.60642222146159,1,4.0836153430384945,26.66248333821816,0.1978136421367131,0.25664037687970237,0.2999150122417996,0.3456213077638415,188.84445695972857
108,milenkosRoomNearDevicesWithTraffic1_005,DormRoom4,03575768cc23b2df,6,1000.0,21.927193961999997,0.8764496716740544,16.7994,21.43234975,21.923399,22.47544925,25.229599,52.29026083,0.43038964636573873,50.447,52.020798,52.3014,52.5576,54.5706,-75.14232448599999,0.8761105121267069,-81.642395,-75.6034,-75.20689999999999,-74.66095,-71.2968,94.14270652817707,0.5590258227879692,91.73372270893621,93.81032867825998,94.13852861192416,94.47994834880612,97.47807859020617,-19.871798,47.590263,-31.83421,60.60642222146159,1,4.073407773563721,26.66122593298559,0.19217355818606358,0.25525026211786606,0.29150977499189257,0.3538192804697454,188.82576807138284
109,milenkosRoomNearDevicesWithTraffic1_006,DormRoom4,03575768cc23b2df,6,1000.0,21.900695574999997,0.8655451652446118,16.3846,21.3988,21.9112,22.4236,24.8636,52.328214978000005,0.40873558032572777,50.1054,52.0818,52.3136,52.582,54.5706,-75.21957488599999,0.9005065773366343,-82.6428,-75.725395,-75.261795,-74.7372,-72.2362,94.21918430518967,0.5814297607286639,91.73372270893621,93.86986731144671,94.20084962747654,94.55529346399969,98.3270358672527,-19.871798,47.590263,-31.83421,60.60642222146159,1,4.089433086713397,26.700935693954264,0.20875922552855614,0.276328821166107,0.3166456472454292,0.34680114263353196,189.11703210735692
110,milenkosRoomNearDevicesWithTraffic1_007,DormRoom4,03575768cc23b2df,6,1000.0,21.760432198,0.8664741748446768,16.3846,21.27374975,21.8014,22.2894,24.644,52.327739156,0.3940273123153569,50.1054,52.0818,52.3014,52.582,53.985,-75.42474229599999,0.8481929330493978,-82.6428,-75.85045,-75.4326,-74.9934,-72.4924,94.34985292522475,0.5743419723727221,92.12578108520981,94.01096056233987,94.35124830398377,94.67636650733026,98.3270358672527,-19.871798,47.590263,-31.83421,60.60642222146159,1,4.089544729692228,26.697601849655662,0.18574057035630065,0.26356533458962905,0.2954774087288795,0.36203652912898576,189.09380612823063
111,milenkosRoomNearDevicesWithTraffic1_008,DormRoom4,03575768cc23b2df,6,1000.0,21.785991203000002,0.8505713868708336,17.8242,21.3256,21.838,22.329050000000002,24.644,52.345063188,0.41057313577661875,50.3616,52.0696,52.337997,52.6308,53.985,-75.44400613999998,0.783428266327928,-81.800995,-75.8474,-75.457,-75.03,-72.4924,94.38028631620578,0.5470516176640603,92.12578108520981,94.0533996213087,94.37819593435287,94.70200623648054,97.97287735187531,-19.871798,47.590263,-31.83421,60.60642222146159,1,4.074310465957009,26.71070734629084,0.1677887872199362,0.24242857587703776,0.2828416989076164,0.34482930177010573,189.16930488033597
112,milenkosRoomNearDevicesWithTraffic1_009,DormRoom4,03575768cc23b2df,6,1000.0,21.919800786,0.8002055933751431,17.5802,21.4842,21.9356,22.4236,24.6196,52.3737698,0.4295153745859063,50.203,52.0818,52.3624,52.6674,54.0948,-75.38865477899999,0.8040437043011387,-80.715195,-75.8108,-75.420395,-74.99034999999999,-71.992195,94.38276154281428,0.5505933910542583,92.47697523219286,94.04333479846758,94.37819593435287,94.7171163498045,97.21488989120958,-19.871798,47.590263,-31.83421,60.60642222146159,1,4.07617697242531,26.728778260713717,0.20099739121430726,0.24566591450799488,0.28469966596030816,0.3383896337448662,189.29652690729833
113,milenkosRoomNearDevicesWithTraffic1_010,DormRoom4,03575768cc23b2df,6,1000.0,21.989792174,0.8776712404385096,17.5802,21.532999,21.9966,22.54864925,24.6196,52.396461796000004,0.4414701505059678,49.898,52.1306,52.3868,52.6796,54.0948,-75.297996485,0.9027685428473098,-81.7034,-75.7742,-75.3594,-74.847,-71.992195,94.34070190046434,0.5823752118488804,92.47697523219286,93.9797342668763,94.33676233505543,94.6767599834887,98.01474305450176,-19.871798,47.590263,-31.83421,60.60642222146159,1,4.096227406118484,26.73140262943974,0.22077393201436923,0.26307614220206205,0.3021990949059153,0.34671873999858993,189.33476173956313
114,milenkosRoomNearDevicesWithTraffic_000,DormRoom4,03575768cc23b2df,6,1000.0,19.6554563949,2.9118780929159556,5.1605997,18.7392,20.3557,21.496399,26.1446,51.860747625,0.7841542955742583,47.9338,51.4596,51.9232,52.337997,54.509598,-76.17755555,2.2154423969115835,-86.803,-77.128395,-75.823,-74.81954999999999,-64.3184,94.29389322754918,1.243157353338287,86.31380671966681,93.56668149510922,94.14599410201646,94.69840216381456,99.91587726682882,-19.871798,47.590263,-31.83421,60.60642222146159,1,4.384110699677987,26.953018952398846,0.2433604056759194,0.46860149813022955,0.5500166115095956,0.6280428013826291,191.1543425529883
115,milenkosRoomNearDevicesWithTraffic_001,DormRoom4,03575768cc23b2df,6,1000.0,21.3539159855,1.5381956474353213,5.9048,20.8132,21.5086,22.1552,26.1446,52.06380437700001,0.5462732234571421,48.617,51.788998,52.093998,52.399,54.3022,-75.321566992,1.2752266990485226,-86.803,-75.883995,-75.274,-74.6518,-71.2602,94.04082402388897,0.7604447329047104,91.31295850776054,93.5813348338065,94.04820973888113,94.42152455750526,99.91587726682882,-19.871798,47.590263,-31.83421,60.60642222146159,1,4.168120543591058,26.691788829966413,0.20197095274911028,0.32797805747990366,0.3870992142055659,0.45365288320637176,189.13165674407372
116,milenkosRoomNearDevicesWithTraffic_002,DormRoom4,03575768cc23b2df,6,1000.0,21.675812981000004,0.967481394058388,16.104,21.1548,21.7526,22.3016,24.2536,52.091937569,0.4235976578661603,49.690598,51.8378,52.106197,52.3624,53.2408,-75.477909984,0.8965584426429428,-83.692,-75.9084,-75.4448,-75.0422,-72.6388,94.24382509353455,0.5872420434374572,92.62077461495355,93.88956394183633,94.22725420264382,94.54625902986447,98.87094370825031,-19.871798,47.590263,-31.83421,60.60642222146159,1,4.087891674335404,26.692828518403456,0.20265226156490956,0.2609702062839817,0.28985916653022237,0.36817208418234343,189.0590921051081
117,milenkosRoomNearDevicesWithTraffic_003,DormRoom4,03575768cc23b2df,6,1000.0,21.770728981,0.9459661612418995,16.104,21.301199,21.850199,22.3748,24.827,52.189452209,0.4367929286559282,50.1176,51.911,52.1916,52.46,54.3266,-75.25397898099999,1.0102102655747593,-83.692,-75.77725,-75.2984,-74.7372,-68.1736,94.14109774408915,0.6504706134005825,89.0732257448129,93.79090970714302,94.16317234505811,94.4876928963682,98.87094370825031,-19.871798,47.590263,-31.83421,60.60642222146159,1,4.103852359111589,26.7012120517481,0.1977167773373031,0.2711979148400348,0.30420264560196253,0.38741755104448433,189.1330877552306
118,milenkosRoomNearDevicesWithTraffic_004,DormRoom4,03575768cc23b2df,6,1000.0,21.901549571000004,0.8270548218992327,16.7994,21.3988,21.923399,22.4236,25.229599,52.257882026,0.4220008334135998,50.447,51.9842,52.277,52.521,54.3266,-75.08276414,0.8885110363923745,-81.642395,-75.6034,-75.1642,-74.59994999999999,-68.1736,94.07061280379514,0.5963601331512988,89.0732257448129,93.7394296608193,94.09087955159356,94.4431357471998,97.42997644819599,-19.871798,47.590263,-31.83421,60.60642222146159,1,4.0836153430384945,26.66248333821816,0.1978136421367131,0.25664037687970237,0.2999150122417996,0.3456213077638415,188.84445695972857
119,milenkosRoomNearDevicesWithTraffic_005,DormRoom4,03575768cc23b2df,6,1000.0,21.927193961999997,0.8764496716740544,16.7994,21.43234975,21.923399,22.47544925,25.229599,52.29026083,0.43038964636573873,50.447,52.020798,52.3014,52.5576,54.5706,-75.14232448599999,0.8761105121267069,-81.642395,-75.6034,-75.20689999999999,-74.66095,-71.2968,94.14270652817707,0.5590258227879692,91.73372270893621,93.81032867825998,94.13852861192416,94.47994834880612,97.47807859020617,-19.871798,47.590263,-31.83421,60.60642222146159,1,4.073407773563721,26.66122593298559,0.19217355818606358,0.25525026211786606,0.29150977499189257,0.3538192804697454,188.82576807138284
120,milenkosRoomNearDevicesWithTraffic_006,DormRoom4,03575768cc23b2df,6,1000.0,21.900695574999997,0.8655451652446118,16.3846,21.3988,21.9112,22.4236,24.8636,52.328214978000005,0.40873558032572777,50.1054,52.0818,52.3136,52.582,54.5706,-75.21957488599999,0.9005065773366343,-82.6428,-75.725395,-75.261795,-74.7372,-72.2362,94.21918430518967,0.5814297607286639,91.73372270893621,93.86986731144671,94.20084962747654,94.55529346399969,98.3270358672527,-19.871798,47.590263,-31.83421,60.60642222146159,1,4.089433086713397,26.700935693954264,0.20875922552855614,0.276328821166107,0.3166456472454292,0.34680114263353196,189.11703210735692
121,milenkosRoomNearDevicesWithTraffic_007,DormRoom4,03575768cc23b2df,6,1000.0,21.760432198,0.8664741748446768,16.3846,21.27374975,21.8014,22.2894,24.644,52.327739156,0.3940273123153569,50.1054,52.0818,52.3014,52.582,53.985,-75.42474229599999,0.8481929330493978,-82.6428,-75.85045,-75.4326,-74.9934,-72.4924,94.34985292522475,0.5743419723727221,92.12578108520981,94.01096056233987,94.35124830398377,94.67636650733026,98.3270358672527,-19.871798,47.590263,-31.83421,60.60642222146159,1,4.089544729692228,26.697601849655662,0.18574057035630065,0.26356533458962905,0.2954774087288795,0.36203652912898576,189.09380612823063
122,milenkosRoomNearDevicesWithTraffic_008,DormRoom4,03575768cc23b2df,6,1000.0,21.785991203000002,0.8505713868708336,17.8242,21.3256,21.838,22.329050000000002,24.644,52.345063188,0.41057313577661875,50.3616,52.0696,52.337997,52.6308,53.985,-75.44400613999998,0.783428266327928,-81.800995,-75.8474,-75.457,-75.03,-72.4924,94.38028631620578,0.5470516176640603,92.12578108520981,94.0533996213087,94.37819593435287,94.70200623648054,97.97287735187531,-19.871798,47.590263,-31.83421,60.60642222146159,1,4.074310465957009,26.71070734629084,0.1677887872199362,0.24242857587703776,0.2828416989076164,0.34482930177010573,189.16930488033597
123,milenkosRoomNearDevicesWithTraffic_009,DormRoom4,03575768cc23b2df,6,1000.0,21.919800786,0.8002055933751431,17.5802,21.4842,21.9356,22.4236,24.6196,52.3737698,0.4295153745859063,50.203,52.0818,52.3624,52.6674,54.0948,-75.38865477899999,0.8040437043011387,-80.715195,-75.8108,-75.420395,-74.99034999999999,-71.992195,94.38276154281428,0.5505933910542583,92.47697523219286,94.04333479846758,94.37819593435287,94.7171163498045,97.21488989120958,-19.871798,47.590263,-31.83421,60.60642222146159,1,4.07617697242531,26.728778260713717,0.20099739121430726,0.24566591450799488,0.28469966596030816,0.3383896337448662,189.29652690729833
124,milenkosRoomNearDevicesWithTraffic_010,DormRoom4,03575768cc23b2df,6,1000.0,21.989792174,0.8776712404385096,17.5802,21.532999,21.9966,22.54864925,24.6196,52.396461796000004,0.4414701505059678,49.898,52.1306,52.3868,52.6796,54.0948,-75.297996485,0.9027685428473098,-81.7034,-75.7742,-75.3594,-74.847,-71.992195,94.34070190046434,0.5823752118488804,92.47697523219286,93.9797342668763,94.33676233505543,94.6767599834887,98.01474305450176,-19.871798,47.590263,-31.83421,60.60642222146159,1,4.096227406118484,26.73140262943974,0.22077393201436923,0.26307614220206205,0.3021990949059153,0.34671873999858993,189.33476173956313
